"texto","categoria"
"Asunto: Reconocimiento académico. La Institución Universitaria Pascual Bravo le reconoce como estudiante destacado del periodo 2025-2 por su excelente rendimiento.","logro"
"Asunto: Lectura obligatoria Resistencia de Materiales. Para la próxima clase de Resistencia de Materiales con el profesor Ana Maria Gómez, deben haber leído el capítulo 3 sobre recursividad. Habrá control de lectura.","tarea"
"Asunto: Recordatorio entrega Programación II. Recuerda que la entrega del taller 3 de Programación II vence este lunes. Sube tu trabajo en el portal estudiantil antes de las 11:59 PM. Atentamente, Oscar Mauricio Ramírez.","tarea"
"Asunto: Lectura obligatoria Estructuras de Datos. Para la próxima clase de Estructuras de Datos con el profesor Sandra Milena López, deben haber leído el capítulo 1 sobre fluidos. Habrá control de lectura.","tarea"
"Asunto: Parcial 2 Sistemas de Potencia. El segundo parcial de Sistemas de Potencia será el miércoles 6 de diciembre. Temas: termodinámica. Llevar calculadora y documento de identidad.","tarea"
"Asunto: Reconocimiento académico. La Institución Universitaria Pascual Bravo le reconoce como estudiante destacado del periodo 2026-1 por su excelente rendimiento.","logro"
"Asunto: Cambio de modalidad clases. Las clases de Electrónica Digital pasan a modalidad virtual a partir del 21 de junio hasta nuevo aviso.","anuncio"
"Asunto: Nueva tarea en SICAU - Sistemas de Potencia. Apreciado estudiante, el docente Catalina Ospina ha publicado una nueva actividad para la materia Sistemas de Potencia. Fecha límite de entrega: viernes 23 de enero. Por favor revisar la guía adjunta.","tarea"
"Asunto: Recolección de firmas. Se está recolectando firmas para una propuesta estudiantil sobre alimentación saludable. Apoye en la oficina del consejo estudiantil.","otro"
"Asunto: Activación cuenta egresados. Estimado próximo egresado, active su cuenta de egresado para acceder a beneficios exclusivos.","otro"
"Asunto: Foro académico mecatrónica. La facultad de ingenierías organiza foro académico sobre mecatrónica. Participación de docentes y estudiantes invitados.","evento"
"Asunto: Reconocimiento académico. La Institución Universitaria Pascual Bravo le reconoce como estudiante destacado del periodo 2026-1 por su excelente rendimiento.","logro"
"Asunto: Aviso importante - Pagos. Recordatorio: el plazo para el pago de matrícula del periodo 2027-1 vence el 9 de septiembre.","anuncio"
"Asunto: Quiz programado Modelado 3D. Recordatorio: el próximo jueves se realizará el quiz 2 de Modelado 3D. Temas a evaluar: POO. Material de apoyo disponible en Microsoft Teams.","tarea"
"Asunto: Actualización datos personales. Le solicitamos actualizar sus datos personales en SICAU. Es requisito para continuar el proceso académico del próximo semestre.","otro"
"Asunto: Paro académico. Se informa a la comunidad estudiantil que se ha decretado paro académico por día festivo. Las clases se reanudarán el 10 de agosto.","anuncio"
"Asunto: Torneo deportivo interfacultades. Inscripciones abiertas para el torneo deportivo interfacultades en disciplinas como fútbol, voleibol y tenis de mesa.","evento"
"Asunto: Práctica de laboratorio Electrónica Digital. Estudiantes, para la próxima sesión de Electrónica Digital deben traer el preinforme de la práctica 6 sobre redes neuronales. Sin preinforme no se permite el ingreso al laboratorio.","tarea"
"Asunto: Actualización reglamento estudiantil. La Vicerrectoría Académica comunica modificaciones al reglamento estudiantil. Vigencia desde 8 de septiembre.","anuncio"
"Asunto: Programa Erasmus+ 2026. Convocatoria abierta para movilidad académica en universidades europeas mediante el programa Erasmus+. Cupos limitados.","intercambio"
"Asunto: Reconocimiento liderazgo. La oficina de Bienestar le reconoce por su destacado liderazgo estudiantil durante el periodo 2026-2. Felicitaciones.","logro"
"Asunto: Recordatorio entrega Inglés I. Recuerda que la entrega del taller 4 de Inglés I vence este miércoles. Sube tu trabajo en Moodle antes de las 11:59 PM. Atentamente, Diego Alejandro Muñoz.","tarea"
"Asunto: Pasantía investigación exterior. Convocatoria de pasantías de investigación en Brasil para estudiantes de últimos semestres de ingeniería.","intercambio"
"Asunto: Entrega informe final Machine Learning. Profesor Sebastián Arango recuerda que el informe final debe entregarse impreso y digital antes del 27 de febrero.","tarea"
"Asunto: Pasantía en el extranjero. La oficina de Internacionalización ofrece pasantías profesionales en empresas de Chile para estudiantes en último semestre.","intercambio"
"Asunto: Cuestionario Estadística. Cuestionario disponible en SICAU sobre los temas de POO. Fecha límite: lunes a las 11:59 PM.","tarea"
"Asunto: Encuesta clima organizacional. La oficina de Talento Humano realiza encuesta sobre clima organizacional. Tu participación es voluntaria pero valiosa.","otro"
"Asunto: Mención honorífica. El consejo académico le otorga mención honorífica por su trabajo de grado titulado 'App de gestión académica'.","logro"
"Asunto: Parcial 2 Diseño Industrial I. El segundo parcial de Diseño Industrial I será el miércoles 3 de marzo. Temas: matrices. Llevar calculadora y documento de identidad.","tarea"
"Asunto: Resultado examen supletorio. El resultado del examen supletorio de Sistemas de Potencia ya fue cargado al sistema académico.","nota"
"Asunto: Material disponible biblioteca. Nuevo material bibliográfico disponible sobre alimentación saludable en la biblioteca. Aprovecha estos recursos para tus proyectos.","otro"
"Asunto: Proyecto seleccionado expo. Su proyecto integrador fue seleccionado entre los mejores del semestre y será expuesto en la muestra institucional.","logro"
"Asunto: Curso de verano internacional. Cursos de verano en universidades de Portugal con créditos homologables. Oportunidad de movilidad corta.","intercambio"
"Asunto: Taller 1 - Programación I. Buenas tardes, en SICAU encuentran el taller número 1 correspondiente a la unidad de matrices. Entrega individual antes del lunes 10 de febrero.","tarea"
"Asunto: Nota disponible Máquinas Eléctricas. Tu nota del trabajo de Máquinas Eléctricas ya fue cargada. Consulta en SICAU. Si tienes inquietudes, contacta al profesor Sandra Milena López.","nota"
"Asunto: Felicitaciones por excelencia académica. Estimado estudiante, en nombre del consejo académico le felicitamos por obtener el mejor promedio del semestre en Tecnología en Producción Industrial. Su esfuerzo es ejemplar.","logro"
"Asunto: Felicitaciones por excelencia académica. Estimado estudiante, en nombre del consejo académico le felicitamos por obtener el mejor promedio del semestre en Diseño Industrial. Su esfuerzo es ejemplar.","logro"
"Asunto: Tarea Moodle - Cálculo II. Se habilitó en Moodle la tarea sobre estadística inferencial. Tienen hasta el martes para resolverla. Solo un intento permitido.","tarea"
"Asunto: Programa Erasmus+ 2027. Convocatoria abierta para movilidad académica en universidades europeas mediante el programa Erasmus+. Cupos limitados.","intercambio"
"Asunto: Beca DAAD para Alemania. La beca DAAD ofrece la posibilidad de estudiar un semestre en universidades alemanas. Postulaciones hasta el 1 de marzo.","intercambio"
"Asunto: Promedio acumulado actualizado. Tu promedio acumulado fue actualizado tras el cierre del periodo. Consulta tu situación académica en SICAU.","nota"
"Asunto: Movilidad académica con MIT. Oportunidad única: programa de movilidad académica con el MIT. Selección por mérito académico y nivel de inglés.","intercambio"
"Asunto: Cambio de aula Estadística. La clase de Estadística con el profesor Catalina Ospina se traslada al aula C155 a partir de la próxima sesión.","anuncio"
"Asunto: Notas finales Redes de Computadores. Las notas finales de Redes de Computadores ya están disponibles en SICAU. Plazo para reclamos: 3 días hábiles después de la publicación.","nota"
"Asunto: Certificado destacado. Felicitaciones por su participación destacada en el programa institucional. Su certificado está disponible para descarga.","logro"
"Asunto: Programa Erasmus+ 2026. Convocatoria abierta para movilidad académica en universidades europeas mediante el programa Erasmus+. Cupos limitados.","intercambio"
"Asunto: Material disponible biblioteca. Nuevo material bibliográfico disponible sobre salud mental en la biblioteca. Aprovecha estos recursos para tus proyectos.","otro"
"Asunto: Calificación proyecto final. Tu nota del proyecto final de Máquinas Eléctricas ya está disponible. Comentarios y retroalimentación en el portal estudiantil.","nota"
"Asunto: Horario biblioteca extendido. Durante temporada de exámenes, la biblioteca extiende su horario hasta las 10 PM de lunes a viernes.","otro"
"Asunto: Evento de bienvenida primer semestre. La Institución da la bienvenida a los nuevos estudiantes el próximo jueves con actividades de integración.","evento"
"Asunto: Ceremonia de grados. Invitación a la ceremonia de grados del periodo 2026-2. Fecha: 3 de agosto, 10:00 PM, Teatro Pablo Tobón Uribe.","evento"
"Asunto: Artículo aceptado revista. El artículo que envió como autor estudiantil fue aceptado para publicación en la revista institucional.","logro"
"Asunto: Día de la Innovación. Muestra de proyectos estudiantiles innovadores. 24 de noviembre, plazoleta principal del campus.","evento"
"Asunto: Inicio de matrículas 2026-1. La oficina de Registro y Control Académico informa que las matrículas para el periodo 2026-1 inician el 5 de mayo.","anuncio"
"Asunto: Charla de emprendimiento. Egresados destacados del Pascual Bravo compartirán sus experiencias el viernes 28 en el auditorio. Entrada libre.","evento"
"Asunto: Actividad pendiente en Microsoft Teams. Se le recuerda que tiene actividades pendientes por entregar en Diseño Industrial I. Por favor revisar el cronograma actualizado.","tarea"
"Asunto: Informe de laboratorio Estadística. Profesor Diego Alejandro Muñoz solicita el informe de la práctica 6 antes del 20 de noviembre. Formato APA, máximo 10 páginas.","tarea"
"Asunto: Feria del libro académico. Se realizará la Feria del Libro Académico con descuentos especiales en libros técnicos y de ingeniería.","evento"
"Asunto: Invitación: Conferencia de energías renovables. El Pascual Bravo invita a toda la comunidad estudiantil a la conferencia 'Mujeres en STEM' el martes 15 de mayo a las 7:00 AM en el auditorio principal.","evento"
"Asunto: Horario biblioteca extendido. Durante temporada de exámenes, la biblioteca extiende su horario hasta las 10 PM de lunes a viernes.","otro"
"Asunto: Foro académico automatización. La facultad de ingenierías organiza foro académico sobre automatización. Participación de docentes y estudiantes invitados.","evento"
"Asunto: Ceremonia de grados. Invitación a la ceremonia de grados del periodo 2025-2. Fecha: 9 de agosto, 8:00 AM, Teatro Pablo Tobón Uribe.","evento"
"Asunto: Notas finales Termodinámica. Las notas finales de Termodinámica ya están disponibles en SICAU. Plazo para reclamos: 3 días hábiles después de la publicación.","nota"
"Asunto: Paro académico. Se informa a la comunidad estudiantil que se ha decretado paro académico por día festivo. Las clases se reanudarán el 27 de diciembre.","anuncio"
"Asunto: Cuestionario Física I. Cuestionario disponible en Microsoft Teams sobre los temas de integrales. Fecha límite: miércoles a las 11:59 PM.","tarea"
"Asunto: Taller práctico automatización. La facultad organiza taller práctico de automatización dirigido por Mónica Bedoya. Cupos limitados, inscripción previa requerida.","evento"
"Asunto: Beca completa estudios exterior. Convocatoria para beca completa de estudios en universidades de España. Cubre matrícula, manutención y tiquetes.","intercambio"
"Asunto: Invitación: Conferencia de internet de las cosas. El Pascual Bravo invita a toda la comunidad estudiantil a la conferencia 'Mujeres en STEM' el jueves 17 de junio a las 1:00 AM en el auditorio principal.","evento"
"Asunto: Reporte de notas semestre. El reporte oficial de notas del semestre ya está disponible para descarga en el portal estudiantil.","nota"
"Asunto: Mención honorífica. El consejo académico le otorga mención honorífica por su trabajo de grado titulado 'Plataforma educativa interactiva'.","logro"
"Asunto: Semana de la Ingeniería. Del 15 al 10 de mayo se celebra la Semana de la Ingeniería con conferencias, talleres y actividades culturales.","evento"
"Asunto: Movilidad estudiantil internacional. La Institución informa que la convocatoria de movilidad estudiantil hacia Estados Unidos para el semestre 2026-2 ya está abierta.","intercambio"
"Asunto: Cambio plan estudios. Recordatorio: si cambiaste de plan de estudios, valida tus materias en la oficina de Registro y Control.","otro"
"Asunto: Actualización datos personales. Le solicitamos actualizar sus datos personales en SICAU. Es requisito para continuar el proceso académico del próximo semestre.","otro"
"Asunto: Encuesta evaluación docente. Recordatorio: evalúe a sus docentes en SICAU antes del cierre del semestre. Es requisito para ver sus notas.","otro"
"Asunto: Becas para estudios en exterior. Convocatorias internacionales 2026: estudios de posgrado en Portugal. Información completa en la oficina de Internacionalización.","intercambio"
"Asunto: Quiz programado Investigación de Operaciones. Recordatorio: el próximo miércoles se realizará el quiz 1 de Investigación de Operaciones. Temas a evaluar: termodinámica. Material de apoyo disponible en Moodle.","tarea"
"Asunto: Movilidad estudiantil internacional. La Institución informa que la convocatoria de movilidad estudiantil hacia Corea del Sur para el semestre 2026-1 ya está abierta.","intercambio"
"Asunto: Pasantía en el extranjero. La oficina de Internacionalización ofrece pasantías profesionales en empresas de Reino Unido para estudiantes en último semestre.","intercambio"
"Asunto: Notas finales Inglés II. Las notas finales de Inglés II ya están disponibles en SICAU. Plazo para reclamos: 3 días hábiles después de la publicación.","nota"
"Asunto: Suspensión de clases. La Institución Universitaria Pascual Bravo informa que el día sábado 28 de noviembre no habrá actividades académicas debido a mantenimiento general. Las clases se reprogramarán.","anuncio"
"Asunto: Entrega informe final Inglés III. Profesor Ana Maria Gómez recuerda que el informe final debe entregarse impreso y digital antes del 17 de febrero.","tarea"
"Asunto: Horario biblioteca extendido. Durante temporada de exámenes, la biblioteca extiende su horario hasta las 10 PM de lunes a viernes.","otro"
"Asunto: Conferencia magistral - vehículos eléctricos. Conferencia magistral con expositor invitado de Bancolombia. Tema: 'Ingeniería para la sostenibilidad'. Cupo limitado.","evento"
"Asunto: Conferencia magistral - vehículos eléctricos. Conferencia magistral con expositor invitado de ISAGEN. Tema: 'Ingeniería para la sostenibilidad'. Cupo limitado.","evento"
"Asunto: Reporte de notas semestre. El reporte oficial de notas del semestre ya está disponible para descarga en el portal estudiantil.","nota"
"Asunto: Resultado parcial Ética Profesional. Estudiante, el resultado de tu parcial 1 de Ética Profesional ya está cargado. Profesor Oscar Mauricio Ramírez.","nota"
"Asunto: Sustentación proyecto Desarrollo Web. La sustentación del proyecto de Desarrollo Web será el 5 de noviembre. Cada grupo tendrá 15 minutos para exponer.","tarea"
"Asunto: Feria del libro académico. Se realizará la Feria del Libro Académico con descuentos especiales en libros técnicos y de ingeniería.","evento"
"Asunto: Evento cultural - Festival de música. La oficina de Bienestar invita al Festival de Música del Pascual Bravo. Bandas estudiantiles, entrada libre.","evento"
"Asunto: Movilidad estudiantil internacional. La Institución informa que la convocatoria de movilidad estudiantil hacia Francia para el semestre 2027-1 ya está abierta.","intercambio"
"Asunto: Resultado parcial Desarrollo Web. Estudiante, el resultado de tu parcial 3 de Desarrollo Web ya está cargado. Profesor Mónica Bedoya.","nota"
"Asunto: Beca completa estudios exterior. Convocatoria para beca completa de estudios en universidades de Estados Unidos. Cubre matrícula, manutención y tiquetes.","intercambio"
"Asunto: Inicio de matrículas 2027-1. La oficina de Registro y Control Académico informa que las matrículas para el periodo 2027-1 inician el 8 de enero.","anuncio"
"Asunto: Primer lugar concurso. Su equipo obtuvo el primer lugar en el concurso de diseño representando a la institución. Felicitaciones.","logro"
"Asunto: Primer lugar concurso. Su equipo obtuvo el primer lugar en el concurso de diseño representando a la institución. Felicitaciones.","logro"
"Asunto: Nueva red WiFi campus. Se habilita la nueva red WiFi 'PB-Estudiantes' en todos los bloques. Ingrese con sus credenciales institucionales.","otro"
"Asunto: Nueva política de asistencia. La facultad informa que se aplicará nueva política de asistencia. La inasistencia superior al 20% causa pérdida automática de la materia.","anuncio"
"Asunto: Felicitaciones graduación con honores. Estimado estudiante, lo felicitamos por culminar sus estudios de Ingeniería de Sistemas con honores académicos.","logro"
"Asunto: Recordatorio entrega Programación II. Recuerda que la entrega del taller 2 de Programación II vence este viernes. Sube tu trabajo en Moodle antes de las 11:59 PM. Atentamente, Mauricio Cardona.","tarea"
"Asunto: Notas práctica laboratorio. Las calificaciones de las prácticas de laboratorio de Física I fueron publicadas en Moodle.","nota"
"Asunto: Mantenimiento del campus. El bloque C estará cerrado el viernes por mantenimiento eléctrico. Las clases se trasladarán al bloque B.","anuncio"
"Asunto: Mantenimiento del campus. El bloque C estará cerrado el sábado por mantenimiento eléctrico. Las clases se trasladarán al bloque A.","anuncio"
"Asunto: Resultado quiz Sistemas de Potencia. El profesor Beatriz Elena Ruiz publicó las notas del quiz 2 en Microsoft Teams. Revisa tu calificación.","nota"
"Asunto: Notas finales Estadística. Las notas finales de Estadística ya están disponibles en SICAU. Plazo para reclamos: 3 días hábiles después de la publicación.","nota"
"Asunto: Cuestionario Inglés II. Cuestionario disponible en SICAU sobre los temas de fluidos. Fecha límite: lunes a las 11:59 PM.","tarea"
"Asunto: Actualización reglamento estudiantil. La Vicerrectoría Académica comunica modificaciones al reglamento estudiantil. Vigencia desde 11 de octubre.","anuncio"
"Asunto: Calificación habilitación Investigación de Operaciones. Estudiante, tu calificación de la habilitación de Investigación de Operaciones fue publicada. Consulta SICAU.","nota"
"Asunto: Nueva red WiFi campus. Se habilita la nueva red WiFi 'PB-Estudiantes' en todos los bloques. Ingrese con sus credenciales institucionales.","otro"
"Asunto: Notas sustentación proyecto. Las notas de la sustentación del proyecto integrador fueron publicadas por el profesor Hernán Darío Pérez.","nota"
"Asunto: Informe de laboratorio Programación II. Profesor Alexander Marín solicita el informe de la práctica 1 antes del 18 de septiembre. Formato APA, máximo 10 páginas.","tarea"
"Asunto: Práctica de laboratorio Constitución Política. Estudiantes, para la próxima sesión de Constitución Política deben traer el preinforme de la práctica 2 sobre fluidos. Sin preinforme no se permite el ingreso al laboratorio.","tarea"
"Asunto: Renovación carné estudiantil. Recordatorio: tu carné estudiantil vence pronto. Acércate a la oficina de Bienestar para renovarlo.","otro"
"Asunto: Feria de prácticas profesionales. La oficina de Extensión invita a la Feria de Prácticas Profesionales 2027 con la participación de empresas como Sura, Globant y otras.","evento"
"Asunto: Reconocimiento aporte investigación. El comité de investigación reconoce su aporte sobresaliente al semillero de investigación. Continúe con ese excelente trabajo.","logro"
"Asunto: Semana de la Ingeniería. Del 22 al 8 de febrero se celebra la Semana de la Ingeniería con conferencias, talleres y actividades culturales.","evento"
"Asunto: Felicitaciones graduación con honores. Estimado estudiante, lo felicitamos por culminar sus estudios de Ingeniería Electrónica con honores académicos.","logro"
"Asunto: Foro académico data science. La facultad de ingenierías organiza foro académico sobre data science. Participación de docentes y estudiantes invitados.","evento"
"Asunto: Reporte de notas semestre. El reporte oficial de notas del semestre ya está disponible para descarga en el portal estudiantil.","nota"
"Asunto: Movilidad académica con MIT. Oportunidad única: programa de movilidad académica con el MIT. Selección por mérito académico y nivel de inglés.","intercambio"
"Asunto: Cambio de aula Resistencia de Materiales. La clase de Resistencia de Materiales con el profesor Catalina Ospina se traslada al aula B302 a partir de la próxima sesión.","anuncio"
"Asunto: Torneo deportivo interfacultades. Inscripciones abiertas para el torneo deportivo interfacultades en disciplinas como fútbol, voleibol y tenis de mesa.","evento"
"Asunto: Nueva tarea en Microsoft Teams - Máquinas Eléctricas. Apreciado estudiante, el docente Sebastián Arango ha publicado una nueva actividad para la materia Máquinas Eléctricas. Fecha límite de entrega: sábado 4 de agosto. Por favor revisar la guía adjunta.","tarea"
"Asunto: Aviso importante - Pagos. Recordatorio: el plazo para el pago de matrícula del periodo 2026-2 vence el 6 de febrero.","anuncio"
"Asunto: Quiz programado Bases de Datos. Recordatorio: el próximo sábado se realizará el quiz 6 de Bases de Datos. Temas a evaluar: matrices. Material de apoyo disponible en Moodle.","tarea"
"Asunto: Notas finales Circuitos Eléctricos I. Las notas finales de Circuitos Eléctricos I ya están disponibles en SICAU. Plazo para reclamos: 3 días hábiles después de la publicación.","nota"
"Asunto: Solicitud certificado. Para solicitar tu certificado de notas, ingresa a SICAU y radica la solicitud. Tiempo de respuesta: 5 días hábiles.","otro"
"Asunto: Foro académico vehículos eléctricos. La facultad de ingenierías organiza foro académico sobre vehículos eléctricos. Participación de docentes y estudiantes invitados.","evento"
"Asunto: Nuevo menú cafetería. Te invitamos a conocer el nuevo menú de la cafetería universitaria. Opciones saludables y económicas para estudiantes.","otro"
"Asunto: Programa de tutorías. La oficina de Bienestar ofrece tutorías gratuitas en Resistencia de Materiales. Inscríbete antes del 5 de mayo.","otro"
"Asunto: Cambio de aula Inteligencia Artificial. La clase de Inteligencia Artificial con el profesor Catalina Ospina se traslada al aula C241 a partir de la próxima sesión.","anuncio"
"Asunto: Doble titulación con universidad de Japón. Nueva oportunidad: programa de doble titulación con la Universidad de Madrid en Japón. Reuniones informativas próximamente.","intercambio"
"Asunto: Nueva red WiFi campus. Se habilita la nueva red WiFi 'PB-Estudiantes' en todos los bloques. Ingrese con sus credenciales institucionales.","otro"
"Asunto: Atención psicológica gratuita. Bienestar Universitario ofrece atención psicológica gratuita a estudiantes. Solicita tu cita en la oficina.","otro"
"Asunto: Charla de emprendimiento. Egresados destacados del Pascual Bravo compartirán sus experiencias el martes 14 en el auditorio. Entrada libre.","evento"
"Asunto: Programa de intercambio con Milán. Estudiantes de Tecnología Mecánica, abierta convocatoria de intercambio con la Universidad de Milán. No requiere intermediario.","intercambio"
"Asunto: Beca DAAD para Alemania. La beca DAAD ofrece la posibilidad de estudiar un semestre en universidades alemanas. Postulaciones hasta el 10 de abril.","intercambio"
"Asunto: Entrega proyecto integrador. Recordatorio importante: la primera entrega del proyecto integrador de Ergonomía es este sábado 10 de julio. Subir avance en SICAU.","tarea"
"Asunto: Requisitos de grado actualizados. Los requisitos para optar al título de Ingeniería Eléctrica han sido actualizados. Consulta los nuevos lineamientos en la oficina de Registro.","anuncio"
"Asunto: Conferencia magistral - robótica. Conferencia magistral con expositor invitado de Bancolombia. Tema: 'Mujeres en STEM'. Cupo limitado.","evento"
"Asunto: Informe de laboratorio Hidráulica y Neumática. Profesor Natalia Zapata solicita el informe de la práctica 5 antes del 27 de diciembre. Formato APA, máximo 10 páginas.","tarea"
"Asunto: Cuestionario Ingeniería de Software. Cuestionario disponible en Canvas sobre los temas de redes neuronales. Fecha límite: miércoles a las 11:59 PM.","tarea"
"Asunto: Cierre temporal SICAU. El sistema SICAU estará en mantenimiento el lunes de 9:00 AM a 2:00 PM. Lamentamos los inconvenientes.","anuncio"
"Asunto: Encuesta de satisfacción. Apreciado estudiante, dedique 5 minutos a responder la encuesta de satisfacción institucional. Su opinión es muy importante para nosotros.","otro"
"Asunto: Resultado quiz Diseño Industrial I. El profesor Andrés Felipe Quintero publicó las notas del quiz 4 en SICAU. Revisa tu calificación.","nota"
"Asunto: Foro académico ciberseguridad. La facultad de ingenierías organiza foro académico sobre ciberseguridad. Participación de docentes y estudiantes invitados.","evento"
"Asunto: Torneo deportivo interfacultades. Inscripciones abiertas para el torneo deportivo interfacultades en disciplinas como fútbol, voleibol y tenis de mesa.","evento"
"Asunto: Feria del libro académico. Se realizará la Feria del Libro Académico con descuentos especiales en libros técnicos y de ingeniería.","evento"
"Asunto: Notas sustentación proyecto. Las notas de la sustentación del proyecto integrador fueron publicadas por el profesor Hernán Darío Pérez.","nota"
"Asunto: Convocatoria intercambio académico Japón. La oficina de Internacionalización del Pascual Bravo invita a participar en la convocatoria de intercambio con universidades de Japón para el periodo 2026-1.","intercambio"
"Asunto: Entrega informe final Hidráulica y Neumática. Profesor Hernán Darío Pérez recuerda que el informe final debe entregarse impreso y digital antes del 26 de enero.","tarea"
"Asunto: Programa de tutorías. La oficina de Bienestar ofrece tutorías gratuitas en Bases de Datos. Inscríbete antes del 7 de marzo.","otro"
"Asunto: Curso de verano internacional. Cursos de verano en universidades de Portugal con créditos homologables. Oportunidad de movilidad corta.","intercambio"
"Asunto: Coloquio de investigación. Estudiantes investigadores presentarán sus proyectos en el coloquio anual. martes 5 de octubre, auditorio menor.","evento"
"Asunto: Comunicado rectoral. Apreciada comunidad universitaria, el rector se permite informar nuevas disposiciones institucionales para el semestre 2027-1.","anuncio"
"Asunto: Rueda de negocios estudiantil. Oportunidad para estudiantes emprendedores: rueda de negocios con inversionistas el 10 de abril.","evento"
"Asunto: Cierre temporal SICAU. El sistema SICAU estará en mantenimiento el jueves de 11:00 AM a 2:00 PM. Lamentamos los inconvenientes.","anuncio"
"Asunto: Cambio de aula Machine Learning. La clase de Machine Learning con el profesor Jorge Iván Salazar se traslada al aula B247 a partir de la próxima sesión.","anuncio"
"Asunto: Cuestionario Desarrollo Web. Cuestionario disponible en SICAU sobre los temas de redes neuronales. Fecha límite: martes a las 11:59 PM.","tarea"
"Asunto: Renovación carné estudiantil. Recordatorio: tu carné estudiantil vence pronto. Acércate a la oficina de Bienestar para renovarlo.","otro"
"Asunto: Quiz programado Algebra Lineal. Recordatorio: el próximo jueves se realizará el quiz 8 de Algebra Lineal. Temas a evaluar: termodinámica. Material de apoyo disponible en Moodle.","tarea"
"Asunto: Calificación habilitación Resistencia de Materiales. Estudiante, tu calificación de la habilitación de Resistencia de Materiales fue publicada. Consulta SICAU.","nota"
"Asunto: Cuestionario Química General. Cuestionario disponible en Canvas sobre los temas de recursividad. Fecha límite: lunes a las 11:59 PM.","tarea"
"Asunto: Beca completa estudios exterior. Convocatoria para beca completa de estudios en universidades de Japón. Cubre matrícula, manutención y tiquetes.","intercambio"
"Asunto: Calificación examen final. Puedes consultar tu nota del examen final de Inglés I en el portal estudiantil. Cualquier reclamación debe radicarse antes del 25 de mayo.","nota"
"Asunto: Lectura obligatoria Electrónica Digital. Para la próxima clase de Electrónica Digital con el profesor Sandra Milena López, deben haber leído el capítulo 3 sobre derivadas. Habrá control de lectura.","tarea"
"Asunto: Informe de laboratorio Cálculo II. Profesor Juan Pablo Vélez solicita el informe de la práctica 1 antes del 22 de octubre. Formato APA, máximo 10 páginas.","tarea"
"Asunto: Promedio acumulado actualizado. Tu promedio acumulado fue actualizado tras el cierre del periodo. Consulta tu situación académica en SICAU.","nota"
"Asunto: Parcial 2 Ingeniería de Software. El segundo parcial de Ingeniería de Software será el sábado 27 de agosto. Temas: matrices. Llevar calculadora y documento de identidad.","tarea"
"Asunto: Comunicado rectoral. Apreciada comunidad universitaria, el rector se permite informar nuevas disposiciones institucionales para el semestre 2027-1.","anuncio"
"Asunto: Selección lista de honor. Hemos publicado la lista de honor del semestre y usted aparece en ella. Felicitaciones por su excelencia académica.","logro"
"Asunto: Selección lista de honor. Hemos publicado la lista de honor del semestre y usted aparece en ella. Felicitaciones por su excelencia académica.","logro"
"Asunto: Taller 6 - Hidráulica y Neumática. Buenas tardes, en Microsoft Teams encuentran el taller número 6 correspondiente a la unidad de modelado entidad-relación. Entrega individual antes del martes 13 de octubre.","tarea"
"Asunto: Evento de bienvenida primer semestre. La Institución da la bienvenida a los nuevos estudiantes el próximo jueves con actividades de integración.","evento"
"Asunto: Feria del libro académico. Se realizará la Feria del Libro Académico con descuentos especiales en libros técnicos y de ingeniería.","evento"
"Asunto: Atención psicológica gratuita. Bienestar Universitario ofrece atención psicológica gratuita a estudiantes. Solicita tu cita en la oficina.","otro"
"Asunto: Doble titulación con universidad de Italia. Nueva oportunidad: programa de doble titulación con la Universidad de Milán en Italia. Reuniones informativas próximamente.","intercambio"
"Asunto: Resultado examen supletorio. El resultado del examen supletorio de Cálculo II ya fue cargado al sistema académico.","nota"
"Asunto: Encuesta clima organizacional. La oficina de Talento Humano realiza encuesta sobre clima organizacional. Tu participación es voluntaria pero valiosa.","otro"
"Asunto: Beca DAAD para Alemania. La beca DAAD ofrece la posibilidad de estudiar un semestre en universidades alemanas. Postulaciones hasta el 28 de noviembre.","intercambio"
"Asunto: Evento de bienvenida primer semestre. La Institución da la bienvenida a los nuevos estudiantes el próximo martes con actividades de integración.","evento"
"Asunto: Tarea Moodle - Modelado 3D. Se habilitó en Moodle la tarea sobre redes neuronales. Tienen hasta el sábado para resolverla. Solo un intento permitido.","tarea"
"Asunto: Modificación calendario académico. El calendario académico fue modificado. Nueva fecha de finalización del semestre: 14 de septiembre.","anuncio"
"Asunto: Sustentación proyecto Bases de Datos. La sustentación del proyecto de Bases de Datos será el 24 de agosto. Cada grupo tendrá 15 minutos para exponer.","tarea"
"Asunto: Invitación: Conferencia de Industria 4.0. El Pascual Bravo invita a toda la comunidad estudiantil a la conferencia 'Transformación digital en la industria' el jueves 20 de febrero a las 2:00 PM en el auditorio principal.","evento"
"Asunto: Evento de bienvenida primer semestre. La Institución da la bienvenida a los nuevos estudiantes el próximo sábado con actividades de integración.","evento"
"Asunto: Solicitud certificado. Para solicitar tu certificado de notas, ingresa a SICAU y radica la solicitud. Tiempo de respuesta: 5 días hábiles.","otro"
"Asunto: Paro académico. Se informa a la comunidad estudiantil que se ha decretado paro académico por celebración del día del maestro. Las clases se reanudarán el 13 de junio.","anuncio"
"Asunto: Convocatoria gobierno Corea del Sur. El gobierno de Corea del Sur ofrece becas para estudios de pregrado. Beneficiarios: estudiantes con promedio superior a 4.0.","intercambio"
"Asunto: Calificación proyecto final. Tu nota del proyecto final de Algebra Lineal ya está disponible. Comentarios y retroalimentación en Microsoft Teams.","nota"
"Asunto: Encuesta de satisfacción. Apreciado estudiante, dedique 5 minutos a responder la encuesta de satisfacción institucional. Su opinión es muy importante para nosotros.","otro"
"Asunto: Programa de tutorías. La oficina de Bienestar ofrece tutorías gratuitas en Circuitos Eléctricos II. Inscríbete antes del 27 de noviembre.","otro"
"Asunto: Encuesta clima organizacional. La oficina de Talento Humano realiza encuesta sobre clima organizacional. Tu participación es voluntaria pero valiosa.","otro"
"Asunto: Ceremonia de grados. Invitación a la ceremonia de grados del periodo 2026-1. Fecha: 25 de mayo, 7:00 PM, Teatro Pablo Tobón Uribe.","evento"
"Asunto: Mantenimiento del campus. El bloque A estará cerrado el jueves por mantenimiento eléctrico. Las clases se trasladarán al bloque B.","anuncio"
"Asunto: Reporte de notas semestre. El reporte oficial de notas del semestre ya está disponible para descarga en el portal estudiantil.","nota"
"Asunto: Tarea Moodle - Modelado 3D. Se habilitó en Moodle la tarea sobre arrays. Tienen hasta el miércoles para resolverla. Solo un intento permitido.","tarea"
"Asunto: Distinción Cum Laude. Felicitaciones, ha alcanzado la distinción Cum Laude por su rendimiento académico sobresaliente durante toda la carrera.","logro"
"Asunto: Servicio de transporte. La ruta universitaria modifica su recorrido a partir del 8 de agosto. Consulta los nuevos paraderos.","otro"
"Asunto: Renovación carné estudiantil. Recordatorio: tu carné estudiantil vence pronto. Acércate a la oficina de Bienestar para renovarlo.","otro"
"Asunto: Beca DAAD disponible. Se encuentra abierta la convocatoria para la beca DAAD dirigida a estudiantes destacados que deseen estudiar en Japón. Plazo: 3 de mayo.","intercambio"
"Asunto: Tarea Moodle - Ergonomía. Se habilitó en Moodle la tarea sobre recursividad. Tienen hasta el viernes para resolverla. Solo un intento permitido.","tarea"
"Asunto: Nueva tarea en Moodle - Circuitos Eléctricos II. Apreciado estudiante, el docente Jorge Iván Salazar ha publicado una nueva actividad para la materia Circuitos Eléctricos II. Fecha límite de entrega: martes 2 de abril. Por favor revisar la guía adjunta.","tarea"
"Asunto: Entrega proyecto integrador. Recordatorio importante: la primera entrega del proyecto integrador de Cálculo II es este martes 8 de septiembre. Subir avance en Moodle.","tarea"
"Asunto: Notas práctica laboratorio. Las calificaciones de las prácticas de laboratorio de Desarrollo Web fueron publicadas en Canvas.","nota"
"Asunto: Recolección de firmas. Se está recolectando firmas para una propuesta estudiantil sobre salud mental. Apoye en la oficina del consejo estudiantil.","otro"
"Asunto: Primer lugar concurso. Su equipo obtuvo el primer lugar en el concurso de investigación representando a la institución. Felicitaciones.","logro"
"Asunto: Inicio de matrículas 2026-1. La oficina de Registro y Control Académico informa que las matrículas para el periodo 2026-1 inician el 17 de abril.","anuncio"
"Asunto: Beca completa estudios exterior. Convocatoria para beca completa de estudios en universidades de Japón. Cubre matrícula, manutención y tiquetes.","intercambio"
"Asunto: Atención psicológica gratuita. Bienestar Universitario ofrece atención psicológica gratuita a estudiantes. Solicita tu cita en la oficina.","otro"
"Asunto: Recordatorio entrega Emprendimiento. Recuerda que la entrega del taller 6 de Emprendimiento vence este viernes. Sube tu trabajo en Google Classroom antes de las 11:59 PM. Atentamente, Luisa Fernanda Ríos.","tarea"
"Asunto: Beca de excelencia otorgada. Felicitaciones, ha sido seleccionado como beneficiario de la beca de excelencia académica del Pascual Bravo para el periodo 2026-1.","logro"
"Asunto: Resultado parcial Circuitos Eléctricos II. Estudiante, el resultado de tu parcial 3 de Circuitos Eléctricos II ya está cargado. Profesor Carlos Restrepo.","nota"
"Asunto: Reciclaje campus. Únete al programa de reciclaje del Pascual Bravo. Puntos ecológicos disponibles en todos los bloques.","otro"
"Asunto: Mantenimiento del campus. El bloque A estará cerrado el sábado por mantenimiento eléctrico. Las clases se trasladarán al bloque D.","anuncio"
"Asunto: Evento cultural - Festival de música. La oficina de Bienestar invita al Festival de Música del Pascual Bravo. Bandas estudiantiles, entrada libre.","evento"
"Asunto: Nueva política de asistencia. La facultad informa que se aplicará nueva política de asistencia. La inasistencia superior al 20% causa pérdida automática de la materia.","anuncio"
"Asunto: Doble titulación con universidad de Canadá. Nueva oportunidad: programa de doble titulación con la Universidad de Barcelona en Canadá. Reuniones informativas próximamente.","intercambio"
"Asunto: Coloquio de investigación. Estudiantes investigadores presentarán sus proyectos en el coloquio anual. martes 3 de enero, auditorio menor.","evento"
"Asunto: Práctica de laboratorio Resistencia de Materiales. Estudiantes, para la próxima sesión de Resistencia de Materiales deben traer el preinforme de la práctica 8 sobre recursividad. Sin preinforme no se permite el ingreso al laboratorio.","tarea"
"Asunto: Beca DAAD para Alemania. La beca DAAD ofrece la posibilidad de estudiar un semestre en universidades alemanas. Postulaciones hasta el 13 de agosto.","intercambio"
"Asunto: Suspensión actividades clima. Por condiciones climáticas adversas, las actividades académicas del sábado se suspenden. Reprogramación pendiente.","anuncio"
"Asunto: Taller práctico internet de las cosas. La facultad organiza taller práctico de internet de las cosas dirigido por Mónica Bedoya. Cupos limitados, inscripción previa requerida.","evento"
"Asunto: Curso de verano internacional. Cursos de verano en universidades de Brasil con créditos homologables. Oportunidad de movilidad corta.","intercambio"
"Asunto: Notas práctica laboratorio. Las calificaciones de las prácticas de laboratorio de Hidráulica y Neumática fueron publicadas en SICAU.","nota"
"Asunto: Calificación proyecto final. Tu nota del proyecto final de Programación II ya está disponible. Comentarios y retroalimentación en SICAU.","nota"
"Asunto: Actualización reglamento estudiantil. La Vicerrectoría Académica comunica modificaciones al reglamento estudiantil. Vigencia desde 3 de diciembre.","anuncio"
"Asunto: Promedio acumulado actualizado. Tu promedio acumulado fue actualizado tras el cierre del periodo. Consulta tu situación académica en SICAU.","nota"
"Asunto: Oportunidad doble titulación. Programa de doble titulación con la Universidad Politécnica de Milán. Requisitos en la oficina de Relaciones Internacionales.","intercambio"
"Asunto: Movilidad estudiantil internacional. La Institución informa que la convocatoria de movilidad estudiantil hacia Australia para el semestre 2026-1 ya está abierta.","intercambio"
"Asunto: Calificación proyecto final. Tu nota del proyecto final de Ergonomía ya está disponible. Comentarios y retroalimentación en Canvas.","nota"
"Asunto: Invitación: Conferencia de energías renovables. El Pascual Bravo invita a toda la comunidad estudiantil a la conferencia 'El futuro de la IA en Colombia' el miércoles 25 de junio a las 11:00 PM en el auditorio principal.","evento"
"Asunto: Material disponible biblioteca. Nuevo material bibliográfico disponible sobre uso de plataformas digitales en la biblioteca. Aprovecha estos recursos para tus proyectos.","otro"
"Asunto: Requisitos de grado actualizados. Los requisitos para optar al título de Tecnología en Producción Industrial han sido actualizados. Consulta los nuevos lineamientos en la oficina de Registro.","anuncio"
"Asunto: Charla de emprendimiento. Egresados destacados del Pascual Bravo compartirán sus experiencias el sábado 9 en el auditorio. Entrada libre.","evento"
"Asunto: Cambio plan estudios. Recordatorio: si cambiaste de plan de estudios, valida tus materias en la oficina de Registro y Control.","otro"
"Asunto: Programa de movilidad - Erasmus+. La beca Erasmus+ financia estudios de pregrado en universidades de Portugal. Postulación abierta.","intercambio"
"Asunto: Inicio de matrículas 2027-1. La oficina de Registro y Control Académico informa que las matrículas para el periodo 2027-1 inician el 22 de octubre.","anuncio"
"Asunto: Modificación calendario académico. El calendario académico fue modificado. Nueva fecha de finalización del semestre: 26 de febrero.","anuncio"
"Asunto: Trabajo final Cálculo III. Estudiantes del grupo G4A, se ha asignado el trabajo final de Cálculo III. Es en grupos de máximo 3 personas. Plazo de entrega: 10 de diciembre. Pesos: 30% de la nota definitiva.","tarea"
"Asunto: Curso de extensión. La Institución ofrece curso de extensión en sostenibilidad. Inscripciones abiertas para estudiantes y comunidad externa.","otro"
"Asunto: Notas sustentación proyecto. Las notas de la sustentación del proyecto integrador fueron publicadas por el profesor Jorge Iván Salazar.","nota"
"Asunto: Renovación de carné. Se recuerda a los estudiantes que deben renovar su carné estudiantil en la oficina de Bienestar antes del 27 de junio.","anuncio"
"Asunto: Inicio de matrículas 2026-1. La oficina de Registro y Control Académico informa que las matrículas para el periodo 2026-1 inician el 6 de noviembre.","anuncio"
"Asunto: Notas sustentación proyecto. Las notas de la sustentación del proyecto integrador fueron publicadas por el profesor Hernán Darío Pérez.","nota"
"Asunto: Hackathon Pascual Bravo 2026. Se abren inscripciones para el Hackathon institucional. Premios para los tres primeros lugares. Fecha: 8 y 21 de julio.","evento"
"Asunto: Proyecto seleccionado expo. Su proyecto integrador fue seleccionado entre los mejores del semestre y será expuesto en la muestra institucional.","logro"
"Asunto: Práctica de laboratorio Ética Profesional. Estudiantes, para la próxima sesión de Ética Profesional deben traer el preinforme de la práctica 7 sobre derivadas. Sin preinforme no se permite el ingreso al laboratorio.","tarea"
"Asunto: Promedio acumulado actualizado. Tu promedio acumulado fue actualizado tras el cierre del periodo. Consulta tu situación académica en SICAU.","nota"
"Asunto: Paro académico. Se informa a la comunidad estudiantil que se ha decretado paro académico por mantenimiento general. Las clases se reanudarán el 1 de junio.","anuncio"
"Asunto: Quiz programado Sistemas de Potencia. Recordatorio: el próximo sábado se realizará el quiz 4 de Sistemas de Potencia. Temas a evaluar: circuitos RLC. Material de apoyo disponible en Microsoft Teams.","tarea"
"Asunto: Calificación publicada - Inteligencia Artificial. Se ha publicado tu calificación del parcial 3 de Inteligencia Artificial. Puedes consultarla ingresando a SICAU con tu usuario institucional.","nota"
"Asunto: Entrega informe final Constitución Política. Profesor Ana Maria Gómez recuerda que el informe final debe entregarse impreso y digital antes del 21 de junio.","tarea"
"Asunto: Taller práctico Inteligencia Artificial. La facultad organiza taller práctico de Inteligencia Artificial dirigido por Ana Maria Gómez. Cupos limitados, inscripción previa requerida.","evento"
"Asunto: Quiz programado Química General. Recordatorio: el próximo viernes se realizará el quiz 8 de Química General. Temas a evaluar: POO. Material de apoyo disponible en Canvas.","tarea"
"Asunto: Reconocimiento liderazgo. La oficina de Bienestar le reconoce por su destacado liderazgo estudiantil durante el periodo 2026-1. Felicitaciones.","logro"
"Asunto: Modificación calendario académico. El calendario académico fue modificado. Nueva fecha de finalización del semestre: 2 de abril.","anuncio"
"Asunto: Entrega informe final Estadística. Profesor Catalina Ospina recuerda que el informe final debe entregarse impreso y digital antes del 2 de julio.","tarea"
"Asunto: Feria del libro académico. Se realizará la Feria del Libro Académico con descuentos especiales en libros técnicos y de ingeniería.","evento"
"Asunto: Nueva política de asistencia. La facultad informa que se aplicará nueva política de asistencia. La inasistencia superior al 20% causa pérdida automática de la materia.","anuncio"
"Asunto: Coloquio de investigación. Estudiantes investigadores presentarán sus proyectos en el coloquio anual. viernes 15 de diciembre, auditorio menor.","evento"
"Asunto: Feria de prácticas profesionales. La oficina de Extensión invita a la Feria de Prácticas Profesionales 2027 con la participación de empresas como Bancolombia, MercadoLibre y otras.","evento"
"Asunto: Informe de laboratorio Programación II. Profesor Andrés Felipe Quintero solicita el informe de la práctica 7 antes del 26 de marzo. Formato APA, máximo 10 páginas.","tarea"
"Asunto: Curso de verano internacional. Cursos de verano en universidades de Japón con créditos homologables. Oportunidad de movilidad corta.","intercambio"
"Asunto: Notas práctica laboratorio. Las calificaciones de las prácticas de laboratorio de Física II fueron publicadas en Canvas.","nota"
"Asunto: Selección representante. Ha sido seleccionado para representar al Pascual Bravo en el congreso nacional de estudiantes de ingeniería. Felicitaciones.","logro"
"Asunto: Informe de laboratorio Emprendimiento. Profesor Mónica Bedoya solicita el informe de la práctica 8 antes del 15 de febrero. Formato APA, máximo 10 páginas.","tarea"
"Asunto: Cambio contraseña institucional. Por seguridad, debe cambiar su contraseña del correo institucional cada 90 días. Plazo: 6 de mayo.","otro"
"Asunto: Cambio plan estudios. Recordatorio: si cambiaste de plan de estudios, valida tus materias en la oficina de Registro y Control.","otro"
"Asunto: Renovación de carné. Se recuerda a los estudiantes que deben renovar su carné estudiantil en la oficina de Bienestar antes del 27 de febrero.","anuncio"
"Asunto: Resultado parcial Programación II. Estudiante, el resultado de tu parcial 3 de Programación II ya está cargado. Profesor Mauricio Cardona.","nota"
"Asunto: Resultado parcial Máquinas Eléctricas. Estudiante, el resultado de tu parcial 3 de Máquinas Eléctricas ya está cargado. Profesor Jorge Iván Salazar.","nota"
"Asunto: Entrega informe final Circuitos Eléctricos II. Profesor Beatriz Elena Ruiz recuerda que el informe final debe entregarse impreso y digital antes del 9 de marzo.","tarea"
"Asunto: Notas finales Emprendimiento. Las notas finales de Emprendimiento ya están disponibles en SICAU. Plazo para reclamos: 3 días hábiles después de la publicación.","nota"
"Asunto: Rueda de negocios estudiantil. Oportunidad para estudiantes emprendedores: rueda de negocios con inversionistas el 26 de septiembre.","evento"
"Asunto: Calificación habilitación Estructuras de Datos. Estudiante, tu calificación de la habilitación de Estructuras de Datos fue publicada. Consulta SICAU.","nota"
"Asunto: Cambio de modalidad clases. Las clases de Bases de Datos pasan a modalidad virtual a partir del 24 de mayo hasta nuevo aviso.","anuncio"
"Asunto: Pasantía en el extranjero. La oficina de Internacionalización ofrece pasantías profesionales en empresas de Italia para estudiantes en último semestre.","intercambio"
"Asunto: Notas finales Química General. Las notas finales de Química General ya están disponibles en SICAU. Plazo para reclamos: 3 días hábiles después de la publicación.","nota"
"Asunto: Resultado examen supletorio. El resultado del examen supletorio de Inglés III ya fue cargado al sistema académico.","nota"
"Asunto: Hackathon Pascual Bravo 2027. Se abren inscripciones para el Hackathon institucional. Premios para los tres primeros lugares. Fecha: 6 y 2 de abril.","evento"
"Asunto: Cambio de horario. Comunicado oficial: el horario de Estadística cambia a partir de la próxima semana. Nuevo horario: martes de 11:00 AM a 2:00 PM.","anuncio"
"Asunto: Informe de laboratorio Programación II. Profesor Mauricio Cardona solicita el informe de la práctica 3 antes del 27 de diciembre. Formato APA, máximo 10 páginas.","tarea"
"Asunto: Informe de laboratorio Mecánica de Materiales. Profesor Paula Andrea Cano solicita el informe de la práctica 4 antes del 13 de julio. Formato APA, máximo 10 páginas.","tarea"
"Asunto: Mención honorífica. El consejo académico le otorga mención honorífica por su trabajo de grado titulado 'Sistema de energías renovables'.","logro"
"Asunto: Semana de la Ingeniería. Del 3 al 4 de diciembre se celebra la Semana de la Ingeniería con conferencias, talleres y actividades culturales.","evento"
"Asunto: Modificación calendario académico. El calendario académico fue modificado. Nueva fecha de finalización del semestre: 26 de marzo.","anuncio"
"Asunto: Recolección de firmas. Se está recolectando firmas para una propuesta estudiantil sobre sostenibilidad. Apoye en la oficina del consejo estudiantil.","otro"
"Asunto: Reconocimiento académico. La Institución Universitaria Pascual Bravo le reconoce como estudiante destacado del periodo 2025-2 por su excelente rendimiento.","logro"
"Asunto: Beca completa estudios exterior. Convocatoria para beca completa de estudios en universidades de Australia. Cubre matrícula, manutención y tiquetes.","intercambio"
"Asunto: Activación cuenta egresados. Estimado próximo egresado, active su cuenta de egresado para acceder a beneficios exclusivos.","otro"
"Asunto: Corrección de nota Redes de Computadores. Tu nota del parcial 4 de Redes de Computadores fue corregida tras la reclamación. Nueva calificación disponible en SICAU.","nota"
"Asunto: Informe de laboratorio Diseño Industrial I. Profesor Juan Pablo Vélez solicita el informe de la práctica 6 antes del 28 de mayo. Formato APA, máximo 10 páginas.","tarea"
"Asunto: Modificación calendario académico. El calendario académico fue modificado. Nueva fecha de finalización del semestre: 22 de febrero.","anuncio"
"Asunto: Oportunidad doble titulación. Programa de doble titulación con la Universidad Politécnica de Madrid. Requisitos en la oficina de Relaciones Internacionales.","intercambio"
"Asunto: Hackathon Pascual Bravo 2027. Se abren inscripciones para el Hackathon institucional. Premios para los tres primeros lugares. Fecha: 3 y 14 de julio.","evento"
"Asunto: Calificación examen final. Puedes consultar tu nota del examen final de Ergonomía en el portal estudiantil. Cualquier reclamación debe radicarse antes del 27 de diciembre.","nota"
"Asunto: Reconocimiento liderazgo. La oficina de Bienestar le reconoce por su destacado liderazgo estudiantil durante el periodo 2026-1. Felicitaciones.","logro"
"Asunto: Actualización reglamento estudiantil. La Vicerrectoría Académica comunica modificaciones al reglamento estudiantil. Vigencia desde 26 de febrero.","anuncio"
"Asunto: Parcial 2 Estadística. El segundo parcial de Estadística será el miércoles 10 de marzo. Temas: circuitos RLC. Llevar calculadora y documento de identidad.","tarea"
"Asunto: Cambio de modalidad clases. Las clases de Programación I pasan a modalidad virtual a partir del 20 de enero hasta nuevo aviso.","anuncio"
"Asunto: Día de la Innovación. Muestra de proyectos estudiantiles innovadores. 1 de julio, plazoleta principal del campus.","evento"
"Asunto: Parcial 2 Ergonomía. El segundo parcial de Ergonomía será el viernes 3 de abril. Temas: recursividad. Llevar calculadora y documento de identidad.","tarea"
"Asunto: Servicio de transporte. La ruta universitaria modifica su recorrido a partir del 19 de diciembre. Consulta los nuevos paraderos.","otro"
"Asunto: Nuevo menú cafetería. Te invitamos a conocer el nuevo menú de la cafetería universitaria. Opciones saludables y económicas para estudiantes.","otro"
"Asunto: Entrega informe final Cálculo III. Profesor Natalia Zapata recuerda que el informe final debe entregarse impreso y digital antes del 21 de abril.","tarea"
"Asunto: Recolección de firmas. Se está recolectando firmas para una propuesta estudiantil sobre alimentación saludable. Apoye en la oficina del consejo estudiantil.","otro"
"Asunto: Hackathon Pascual Bravo 2026. Se abren inscripciones para el Hackathon institucional. Premios para los tres primeros lugares. Fecha: 2 y 9 de julio.","evento"
"Asunto: Quiz programado Termodinámica. Recordatorio: el próximo lunes se realizará el quiz 5 de Termodinámica. Temas a evaluar: POO. Material de apoyo disponible en el portal estudiantil.","tarea"
"Asunto: Invitación: Conferencia de data science. El Pascual Bravo invita a toda la comunidad estudiantil a la conferencia 'Ingeniería para la sostenibilidad' el lunes 17 de julio a las 11:00 PM en el auditorio principal.","evento"
"Asunto: Encuesta de satisfacción. Apreciado estudiante, dedique 5 minutos a responder la encuesta de satisfacción institucional. Su opinión es muy importante para nosotros.","otro"
"Asunto: Intercambio virtual internacional. Programa de intercambio virtual con universidades de Brasil. No requiere viajar, certificación internacional.","intercambio"
"Asunto: Entrega proyecto integrador. Recordatorio importante: la primera entrega del proyecto integrador de Emprendimiento es este jueves 6 de diciembre. Subir avance en Moodle.","tarea"
"Asunto: Informe de laboratorio Programación I. Profesor Juan Pablo Vélez solicita el informe de la práctica 7 antes del 11 de diciembre. Formato APA, máximo 10 páginas.","tarea"
"Asunto: Seguimiento egresado. Si eres próximo a graduarte, completa el formulario de seguimiento de egresados. Es muy importante para la institución.","otro"
"Asunto: Nota disponible Modelado 3D. Tu nota del trabajo de Modelado 3D ya fue cargada. Consulta en Google Classroom. Si tienes inquietudes, contacta al profesor Paula Andrea Cano.","nota"
"Asunto: Solicitud certificado. Para solicitar tu certificado de notas, ingresa a SICAU y radica la solicitud. Tiempo de respuesta: 5 días hábiles.","otro"
"Asunto: Nota disponible Diseño Mecánico. Tu nota del trabajo de Diseño Mecánico ya fue cargada. Consulta en SICAU. Si tienes inquietudes, contacta al profesor Catalina Ospina.","nota"
"Asunto: Cambio de aula Cálculo II. La clase de Cálculo II con el profesor Carlos Restrepo se traslada al aula A165 a partir de la próxima sesión.","anuncio"
"Asunto: Felicitaciones por excelencia académica. Estimado estudiante, en nombre del consejo académico le felicitamos por obtener el mejor promedio del semestre en Diseño Industrial. Su esfuerzo es ejemplar.","logro"
"Asunto: Corrección de nota Cálculo II. Tu nota del parcial 4 de Cálculo II fue corregida tras la reclamación. Nueva calificación disponible en SICAU.","nota"
"Asunto: Tarea Moodle - Termodinámica. Se habilitó en Moodle la tarea sobre estadística inferencial. Tienen hasta el sábado para resolverla. Solo un intento permitido.","tarea"
"Asunto: Inicio de matrículas 2027-1. La oficina de Registro y Control Académico informa que las matrículas para el periodo 2027-1 inician el 10 de junio.","anuncio"
"Asunto: Primer lugar concurso. Su equipo obtuvo el primer lugar en el concurso de diseño representando a la institución. Felicitaciones.","logro"
"Asunto: Donación libros biblioteca. La biblioteca recibe donaciones de libros académicos. Si tienes textos en buen estado, contáctanos.","otro"
"Asunto: Torneo deportivo interfacultades. Inscripciones abiertas para el torneo deportivo interfacultades en disciplinas como fútbol, voleibol y tenis de mesa.","evento"
"Asunto: Doble titulación con universidad de Alemania. Nueva oportunidad: programa de doble titulación con la Universidad de Roma en Alemania. Reuniones informativas próximamente.","intercambio"
"Asunto: Paro académico. Se informa a la comunidad estudiantil que se ha decretado paro académico por mantenimiento general. Las clases se reanudarán el 21 de agosto.","anuncio"
"Asunto: Parcial 2 Mecánica de Materiales. El segundo parcial de Mecánica de Materiales será el jueves 10 de octubre. Temas: recursividad. Llevar calculadora y documento de identidad.","tarea"
"Asunto: Entrega proyecto integrador. Recordatorio importante: la primera entrega del proyecto integrador de Cálculo I es este miércoles 7 de julio. Subir avance en Google Classroom.","tarea"
"Asunto: Taller 1 - Emprendimiento. Buenas tardes, en Microsoft Teams encuentran el taller número 1 correspondiente a la unidad de redes neuronales. Entrega individual antes del jueves 9 de noviembre.","tarea"
"Asunto: Beca DAAD para Alemania. La beca DAAD ofrece la posibilidad de estudiar un semestre en universidades alemanas. Postulaciones hasta el 21 de junio.","intercambio"
"Asunto: Reconocimiento liderazgo. La oficina de Bienestar le reconoce por su destacado liderazgo estudiantil durante el periodo 2025-2. Felicitaciones.","logro"
"Asunto: Quiz programado Sistemas Operativos. Recordatorio: el próximo sábado se realizará el quiz 8 de Sistemas Operativos. Temas a evaluar: fluidos. Material de apoyo disponible en Microsoft Teams.","tarea"
"Asunto: Pasantía investigación exterior. Convocatoria de pasantías de investigación en Corea del Sur para estudiantes de últimos semestres de ingeniería.","intercambio"
"Asunto: Trabajo final Cálculo I. Estudiantes del grupo G3C, se ha asignado el trabajo final de Cálculo I. Es en grupos de máximo 3 personas. Plazo de entrega: 25 de marzo. Pesos: 30% de la nota definitiva.","tarea"
"Asunto: Material disponible biblioteca. Nuevo material bibliográfico disponible sobre alimentación saludable en la biblioteca. Aprovecha estos recursos para tus proyectos.","otro"
"Asunto: Feria del libro académico. Se realizará la Feria del Libro Académico con descuentos especiales en libros técnicos y de ingeniería.","evento"
"Asunto: Inauguración laboratorio. Acto de inauguración del nuevo laboratorio de Inteligencia Artificial. Asistencia de directivos, docentes y estudiantes destacados.","evento"
"Asunto: Práctica de laboratorio Machine Learning. Estudiantes, para la próxima sesión de Machine Learning deben traer el preinforme de la práctica 8 sobre fluidos. Sin preinforme no se permite el ingreso al laboratorio.","tarea"
"Asunto: Encuesta de satisfacción. Apreciado estudiante, dedique 5 minutos a responder la encuesta de satisfacción institucional. Su opinión es muy importante para nosotros.","otro"
"Asunto: Evento de bienvenida primer semestre. La Institución da la bienvenida a los nuevos estudiantes el próximo sábado con actividades de integración.","evento"
"Asunto: Aviso importante - Pagos. Recordatorio: el plazo para el pago de matrícula del periodo 2027-1 vence el 3 de febrero.","anuncio"
"Asunto: Cambio contraseña institucional. Por seguridad, debe cambiar su contraseña del correo institucional cada 90 días. Plazo: 9 de agosto.","otro"
"Asunto: Intercambio Fulbright EE.UU. El programa Fulbright abre convocatoria para estudiantes colombianos. Aplica antes del 27 de febrero.","intercambio"
"Asunto: Foro académico internet de las cosas. La facultad de ingenierías organiza foro académico sobre internet de las cosas. Participación de docentes y estudiantes invitados.","evento"
"Asunto: Tarea Moodle - Ergonomía. Se habilitó en Moodle la tarea sobre modelado entidad-relación. Tienen hasta el martes para resolverla. Solo un intento permitido.","tarea"
"Asunto: Evento de bienvenida primer semestre. La Institución da la bienvenida a los nuevos estudiantes el próximo sábado con actividades de integración.","evento"
"Asunto: Felicitaciones - Premio innovación. Su proyecto 'Robot autónomo' ha sido seleccionado como ganador del premio a la innovación estudiantil. Felicitaciones.","logro"
"Asunto: Notas finales Diseño Mecánico. Las notas finales de Diseño Mecánico ya están disponibles en SICAU. Plazo para reclamos: 3 días hábiles después de la publicación.","nota"
"Asunto: Convocatoria monitor académico. Se abre convocatoria para monitores académicos en Emprendimiento. Beneficio económico y experiencia.","otro"
"Asunto: Servicio de transporte. La ruta universitaria modifica su recorrido a partir del 15 de agosto. Consulta los nuevos paraderos.","otro"
"Asunto: Nueva tarea en SICAU - Hidráulica y Neumática. Apreciado estudiante, el docente Ricardo Mejía ha publicado una nueva actividad para la materia Hidráulica y Neumática. Fecha límite de entrega: lunes 15 de julio. Por favor revisar la guía adjunta.","tarea"
"Asunto: Comunicado rectoral. Apreciada comunidad universitaria, el rector se permite informar nuevas disposiciones institucionales para el semestre 2026-2.","anuncio"
"Asunto: Convocatoria monitor académico. Se abre convocatoria para monitores académicos en Diseño Mecánico. Beneficio económico y experiencia.","otro"
"Asunto: Notas finales Sistemas Operativos. Las notas finales de Sistemas Operativos ya están disponibles en SICAU. Plazo para reclamos: 3 días hábiles después de la publicación.","nota"
"Asunto: Torneo deportivo interfacultades. Inscripciones abiertas para el torneo deportivo interfacultades en disciplinas como fútbol, voleibol y tenis de mesa.","evento"
"Asunto: Doble titulación con universidad de Australia. Nueva oportunidad: programa de doble titulación con la Universidad de Roma en Australia. Reuniones informativas próximamente.","intercambio"
"Asunto: Actividad pendiente en SICAU. Se le recuerda que tiene actividades pendientes por entregar en Automatización Industrial. Por favor revisar el cronograma actualizado.","tarea"
"Asunto: Modificación calendario académico. El calendario académico fue modificado. Nueva fecha de finalización del semestre: 6 de junio.","anuncio"
"Asunto: Resultado parcial Programación I. Estudiante, el resultado de tu parcial 3 de Programación I ya está cargado. Profesor Oscar Mauricio Ramírez.","nota"
"Asunto: Intercambio Fulbright EE.UU. El programa Fulbright abre convocatoria para estudiantes colombianos. Aplica antes del 19 de marzo.","intercambio"
"Asunto: Calificación habilitación Emprendimiento. Estudiante, tu calificación de la habilitación de Emprendimiento fue publicada. Consulta SICAU.","nota"
"Asunto: Inicio de matrículas 2026-1. La oficina de Registro y Control Académico informa que las matrículas para el periodo 2026-1 inician el 5 de marzo.","anuncio"
"Asunto: Cuestionario Ergonomía. Cuestionario disponible en Moodle sobre los temas de estadística inferencial. Fecha límite: martes a las 11:59 PM.","tarea"
"Asunto: Mención honorífica. El consejo académico le otorga mención honorífica por su trabajo de grado titulado 'Robot autónomo'.","logro"
"Asunto: Atención psicológica gratuita. Bienestar Universitario ofrece atención psicológica gratuita a estudiantes. Solicita tu cita en la oficina.","otro"
"Asunto: Programa de tutorías. La oficina de Bienestar ofrece tutorías gratuitas en Dibujo Técnico. Inscríbete antes del 3 de enero.","otro"
"Asunto: Notas finales Dibujo Técnico. Las notas finales de Dibujo Técnico ya están disponibles en SICAU. Plazo para reclamos: 3 días hábiles después de la publicación.","nota"
"Asunto: Práctica de laboratorio Diseño Mecánico. Estudiantes, para la próxima sesión de Diseño Mecánico deben traer el preinforme de la práctica 2 sobre recursividad. Sin preinforme no se permite el ingreso al laboratorio.","tarea"
"Asunto: Recordatorio entrega Física II. Recuerda que la entrega del taller 6 de Física II vence este martes. Sube tu trabajo en Microsoft Teams antes de las 11:59 PM. Atentamente, Alexander Marín.","tarea"
"Asunto: Activación cuenta egresados. Estimado próximo egresado, active su cuenta de egresado para acceder a beneficios exclusivos.","otro"
"Asunto: Actualización reglamento estudiantil. La Vicerrectoría Académica comunica modificaciones al reglamento estudiantil. Vigencia desde 3 de enero.","anuncio"
"Asunto: Premio mejor estudiante carrera. Ha sido nombrado mejor estudiante de Ingeniería de Sistemas del semestre. La ceremonia de entrega será el 3 de octubre.","logro"
"Asunto: Aviso importante - Pagos. Recordatorio: el plazo para el pago de matrícula del periodo 2026-1 vence el 13 de noviembre.","anuncio"
"Asunto: Programa de intercambio con Boston. Estudiantes de Ingeniería Electrónica, abierta convocatoria de intercambio con la Universidad de Boston. No requiere intermediario.","intercambio"
"Asunto: Programa de movilidad - DAAD. La beca DAAD financia estudios de pregrado en universidades de Francia. Postulación abierta.","intercambio"
"Asunto: Resultado parcial Investigación de Operaciones. Estudiante, el resultado de tu parcial 1 de Investigación de Operaciones ya está cargado. Profesor Diego Alejandro Muñoz.","nota"
"Asunto: Reconocimiento aporte investigación. El comité de investigación reconoce su aporte sobresaliente al semillero de diseño. Continúe con ese excelente trabajo.","logro"
"Asunto: Programa salud estudiantil. Inscríbete en el programa de salud estudiantil. Chequeos médicos gratuitos en bienestar.","otro"
"Asunto: Entrega informe final Constitución Política. Profesor Paula Andrea Cano recuerda que el informe final debe entregarse impreso y digital antes del 15 de febrero.","tarea"
"Asunto: Tarea Moodle - Dibujo Técnico. Se habilitó en Moodle la tarea sobre arrays. Tienen hasta el martes para resolverla. Solo un intento permitido.","tarea"
"Asunto: Calificación habilitación Estadística. Estudiante, tu calificación de la habilitación de Estadística fue publicada. Consulta SICAU.","nota"
"Asunto: Material disponible biblioteca. Nuevo material bibliográfico disponible sobre sostenibilidad en la biblioteca. Aprovecha estos recursos para tus proyectos.","otro"
"Asunto: Beca de excelencia otorgada. Felicitaciones, ha sido seleccionado como beneficiario de la beca de excelencia académica del Pascual Bravo para el periodo 2026-2.","logro"
"Asunto: Informe de laboratorio Hidráulica y Neumática. Profesor Hernán Darío Pérez solicita el informe de la práctica 1 antes del 11 de marzo. Formato APA, máximo 10 páginas.","tarea"
"Asunto: Semana de la Ingeniería. Del 9 al 20 de octubre se celebra la Semana de la Ingeniería con conferencias, talleres y actividades culturales.","evento"
"Asunto: Notas sustentación proyecto. Las notas de la sustentación del proyecto integrador fueron publicadas por el profesor Ricardo Mejía.","nota"
"Asunto: Evento de bienvenida primer semestre. La Institución da la bienvenida a los nuevos estudiantes el próximo sábado con actividades de integración.","evento"
"Asunto: Selección representante. Ha sido seleccionado para representar al Pascual Bravo en el congreso nacional de estudiantes de ingeniería. Felicitaciones.","logro"
"Asunto: Cambio de modalidad clases. Las clases de Inglés I pasan a modalidad virtual a partir del 11 de mayo hasta nuevo aviso.","anuncio"
"Asunto: Nueva tarea en Moodle - Mecánica de Materiales. Apreciado estudiante, el docente Hernán Darío Pérez ha publicado una nueva actividad para la materia Mecánica de Materiales. Fecha límite de entrega: lunes 4 de abril. Por favor revisar la guía adjunta.","tarea"
"Asunto: Inauguración laboratorio. Acto de inauguración del nuevo laboratorio de mecatrónica. Asistencia de directivos, docentes y estudiantes destacados.","evento"
"Asunto: Notas talleres Circuitos Eléctricos II. El profesor Oscar Mauricio Ramírez cargó las notas de los talleres del semestre. Revísalas en SICAU.","nota"
"Asunto: Pasantía investigación exterior. Convocatoria de pasantías de investigación en Japón para estudiantes de últimos semestres de ingeniería.","intercambio"
"Asunto: Horario biblioteca extendido. Durante temporada de exámenes, la biblioteca extiende su horario hasta las 10 PM de lunes a viernes.","otro"
"Asunto: Artículo aceptado revista. El artículo que envió como autor estudiantil fue aceptado para publicación en la revista institucional.","logro"
"Asunto: Curso de extensión. La Institución ofrece curso de extensión en equidad de género. Inscripciones abiertas para estudiantes y comunidad externa.","otro"
"Asunto: Resultado examen supletorio. El resultado del examen supletorio de Inglés I ya fue cargado al sistema académico.","nota"
"Asunto: Feria de prácticas profesionales. La oficina de Extensión invita a la Feria de Prácticas Profesionales 2026 con la participación de empresas como ISAGEN, Claro y otras.","evento"
"Asunto: Encuesta evaluación docente. Recordatorio: evalúe a sus docentes en SICAU antes del cierre del semestre. Es requisito para ver sus notas.","otro"
"Asunto: Recordatorio entrega Inglés I. Recuerda que la entrega del taller 3 de Inglés I vence este sábado. Sube tu trabajo en Canvas antes de las 11:59 PM. Atentamente, Catalina Ospina.","tarea"
"Asunto: Distinción Cum Laude. Felicitaciones, ha alcanzado la distinción Cum Laude por su rendimiento académico sobresaliente durante toda la carrera.","logro"
"Asunto: Feria del libro académico. Se realizará la Feria del Libro Académico con descuentos especiales en libros técnicos y de ingeniería.","evento"
"Asunto: Curso de verano internacional. Cursos de verano en universidades de Chile con créditos homologables. Oportunidad de movilidad corta.","intercambio"
"Asunto: Recordatorio entrega Física I. Recuerda que la entrega del taller 1 de Física I vence este sábado. Sube tu trabajo en Microsoft Teams antes de las 11:59 PM. Atentamente, Sandra Milena López.","tarea"
"Asunto: Quiz programado Ética Profesional. Recordatorio: el próximo viernes se realizará el quiz 2 de Ética Profesional. Temas a evaluar: POO. Material de apoyo disponible en el portal estudiantil.","tarea"
"Asunto: Recordatorio entrega Ingeniería de Software. Recuerda que la entrega del taller 4 de Ingeniería de Software vence este miércoles. Sube tu trabajo en SICAU antes de las 11:59 PM. Atentamente, Juan Pablo Vélez.","tarea"
"Asunto: Día de la Innovación. Muestra de proyectos estudiantiles innovadores. 22 de febrero, plazoleta principal del campus.","evento"
"Asunto: Nueva tarea en Google Classroom - Sistemas de Potencia. Apreciado estudiante, el docente Juan Pablo Vélez ha publicado una nueva actividad para la materia Sistemas de Potencia. Fecha límite de entrega: martes 27 de febrero. Por favor revisar la guía adjunta.","tarea"
"Asunto: Taller práctico Industria 4.0. La facultad organiza taller práctico de Industria 4.0 dirigido por Claudia Patricia Henao. Cupos limitados, inscripción previa requerida.","evento"
"Asunto: Programa salud estudiantil. Inscríbete en el programa de salud estudiantil. Chequeos médicos gratuitos en bienestar.","otro"
"Asunto: Feria de prácticas profesionales. La oficina de Extensión invita a la Feria de Prácticas Profesionales 2026 con la participación de empresas como Postobón, Rappi y otras.","evento"
"Asunto: Foro académico vehículos eléctricos. La facultad de ingenierías organiza foro académico sobre vehículos eléctricos. Participación de docentes y estudiantes invitados.","evento"
"Asunto: Beca de excelencia otorgada. Felicitaciones, ha sido seleccionado como beneficiario de la beca de excelencia académica del Pascual Bravo para el periodo 2026-1.","logro"
"Asunto: Día de la Innovación. Muestra de proyectos estudiantiles innovadores. 16 de diciembre, plazoleta principal del campus.","evento"
"Asunto: Cambio de modalidad clases. Las clases de Sistemas de Potencia pasan a modalidad virtual a partir del 13 de septiembre hasta nuevo aviso.","anuncio"
"Asunto: Requisitos de grado actualizados. Los requisitos para optar al título de Tecnología Eléctrica han sido actualizados. Consulta los nuevos lineamientos en la oficina de Registro.","anuncio"
"Asunto: Reporte de notas semestre. El reporte oficial de notas del semestre ya está disponible para descarga en el portal estudiantil.","nota"
"Asunto: Becas para estudios en exterior. Convocatorias internacionales 2026: estudios de posgrado en Portugal. Información completa en la oficina de Internacionalización.","intercambio"
"Asunto: Cuestionario Química General. Cuestionario disponible en Moodle sobre los temas de derivadas. Fecha límite: miércoles a las 11:59 PM.","tarea"
"Asunto: Convocatoria gobierno Alemania. El gobierno de Alemania ofrece becas para estudios de pregrado. Beneficiarios: estudiantes con promedio superior a 4.0.","intercambio"
"Asunto: Aviso importante - Pagos. Recordatorio: el plazo para el pago de matrícula del periodo 2027-1 vence el 25 de julio.","anuncio"
"Asunto: Notas finales Sistemas Operativos. Las notas finales de Sistemas Operativos ya están disponibles en SICAU. Plazo para reclamos: 3 días hábiles después de la publicación.","nota"
"Asunto: Foro académico Industria 4.0. La facultad de ingenierías organiza foro académico sobre Industria 4.0. Participación de docentes y estudiantes invitados.","evento"
"Asunto: Beca DAAD para Alemania. La beca DAAD ofrece la posibilidad de estudiar un semestre en universidades alemanas. Postulaciones hasta el 7 de noviembre.","intercambio"
"Asunto: Convocatoria gobierno Francia. El gobierno de Francia ofrece becas para estudios de pregrado. Beneficiarios: estudiantes con promedio superior a 4.0.","intercambio"
"Asunto: Foro académico Inteligencia Artificial. La facultad de ingenierías organiza foro académico sobre Inteligencia Artificial. Participación de docentes y estudiantes invitados.","evento"
"Asunto: Donación libros biblioteca. La biblioteca recibe donaciones de libros académicos. Si tienes textos en buen estado, contáctanos.","otro"
"Asunto: Encuesta evaluación docente. Recordatorio: evalúe a sus docentes en SICAU antes del cierre del semestre. Es requisito para ver sus notas.","otro"
"Asunto: Cambio de horario. Comunicado oficial: el horario de Ingeniería de Software cambia a partir de la próxima semana. Nuevo horario: lunes de 7:00 AM a 5:00 PM.","anuncio"
"Asunto: Cambio de aula Dibujo Técnico. La clase de Dibujo Técnico con el profesor Paula Andrea Cano se traslada al aula B286 a partir de la próxima sesión.","anuncio"
"Asunto: Corrección de nota Física I. Tu nota del parcial 3 de Física I fue corregida tras la reclamación. Nueva calificación disponible en SICAU.","nota"
"Asunto: Premio mejor estudiante carrera. Ha sido nombrado mejor estudiante de Tecnología en Producción Industrial del semestre. La ceremonia de entrega será el 9 de noviembre.","logro"
"Asunto: Beca DAAD para Alemania. La beca DAAD ofrece la posibilidad de estudiar un semestre en universidades alemanas. Postulaciones hasta el 16 de marzo.","intercambio"
"Asunto: Convocatoria gobierno Reino Unido. El gobierno de Reino Unido ofrece becas para estudios de pregrado. Beneficiarios: estudiantes con promedio superior a 4.0.","intercambio"
"Asunto: Recolección de firmas. Se está recolectando firmas para una propuesta estudiantil sobre alimentación saludable. Apoye en la oficina del consejo estudiantil.","otro"
"Asunto: Distinción Cum Laude. Felicitaciones, ha alcanzado la distinción Cum Laude por su rendimiento académico sobresaliente durante toda la carrera.","logro"
"Asunto: Intercambio Fulbright EE.UU. El programa Fulbright abre convocatoria para estudiantes colombianos. Aplica antes del 4 de octubre.","intercambio"
"Asunto: Conferencia magistral - robótica. Conferencia magistral con expositor invitado de ISAGEN. Tema: 'Mujeres en STEM'. Cupo limitado.","evento"
"Asunto: Torneo deportivo interfacultades. Inscripciones abiertas para el torneo deportivo interfacultades en disciplinas como fútbol, voleibol y tenis de mesa.","evento"
"Asunto: Notas práctica laboratorio. Las calificaciones de las prácticas de laboratorio de Ergonomía fueron publicadas en Google Classroom.","nota"
"Asunto: Invitación: Conferencia de diseño UX. El Pascual Bravo invita a toda la comunidad estudiantil a la conferencia 'Transformación digital en la industria' el miércoles 20 de agosto a las 10:00 PM en el auditorio principal.","evento"
"Asunto: Cambio de modalidad clases. Las clases de Física II pasan a modalidad virtual a partir del 8 de julio hasta nuevo aviso.","anuncio"
"Asunto: Servicio de transporte. La ruta universitaria modifica su recorrido a partir del 24 de agosto. Consulta los nuevos paraderos.","otro"
"Asunto: Reconocimiento aporte investigación. El comité de investigación reconoce su aporte sobresaliente al semillero de investigación. Continúe con ese excelente trabajo.","logro"
"Asunto: Selección lista de honor. Hemos publicado la lista de honor del semestre y usted aparece en ella. Felicitaciones por su excelencia académica.","logro"
"Asunto: Reconocimiento académico. La Institución Universitaria Pascual Bravo le reconoce como estudiante destacado del periodo 2026-1 por su excelente rendimiento.","logro"
"Asunto: Encuesta de satisfacción. Apreciado estudiante, dedique 5 minutos a responder la encuesta de satisfacción institucional. Su opinión es muy importante para nosotros.","otro"
"Asunto: Resultado examen supletorio. El resultado del examen supletorio de Machine Learning ya fue cargado al sistema académico.","nota"
"Asunto: Notas sustentación proyecto. Las notas de la sustentación del proyecto integrador fueron publicadas por el profesor Ana Maria Gómez.","nota"
"Asunto: Encuesta de satisfacción. Apreciado estudiante, dedique 5 minutos a responder la encuesta de satisfacción institucional. Su opinión es muy importante para nosotros.","otro"
"Asunto: Certificado destacado. Felicitaciones por su participación destacada en el programa institucional. Su certificado está disponible para descarga.","logro"
"Asunto: Paro académico. Se informa a la comunidad estudiantil que se ha decretado paro académico por jornada institucional. Las clases se reanudarán el 3 de junio.","anuncio"
"Asunto: Aviso seguridad campus. La oficina de Seguridad informa nuevas medidas de control de acceso al campus. Es obligatorio portar el carné estudiantil.","anuncio"
"Asunto: Cuestionario Circuitos Eléctricos II. Cuestionario disponible en el portal estudiantil sobre los temas de integrales. Fecha límite: sábado a las 11:59 PM.","tarea"
"Asunto: Atención psicológica gratuita. Bienestar Universitario ofrece atención psicológica gratuita a estudiantes. Solicita tu cita en la oficina.","otro"
"Asunto: Intercambio virtual internacional. Programa de intercambio virtual con universidades de Portugal. No requiere viajar, certificación internacional.","intercambio"
"Asunto: Movilidad académica con MIT. Oportunidad única: programa de movilidad académica con el MIT. Selección por mérito académico y nivel de inglés.","intercambio"
"Asunto: Lectura obligatoria Sistemas Operativos. Para la próxima clase de Sistemas Operativos con el profesor Sebastián Arango, deben haber leído el capítulo 3 sobre circuitos RLC. Habrá control de lectura.","tarea"
"Asunto: Inauguración laboratorio. Acto de inauguración del nuevo laboratorio de internet de las cosas. Asistencia de directivos, docentes y estudiantes destacados.","evento"
"Asunto: Cambio de modalidad clases. Las clases de Procesos de Manufactura pasan a modalidad virtual a partir del 22 de agosto hasta nuevo aviso.","anuncio"
"Asunto: Entrega informe final Hidráulica y Neumática. Profesor Beatriz Elena Ruiz recuerda que el informe final debe entregarse impreso y digital antes del 15 de mayo.","tarea"
"Asunto: Mención honorífica. El consejo académico le otorga mención honorífica por su trabajo de grado titulado 'Diseño de prótesis 3D'.","logro"
"Asunto: Convocatoria gobierno Portugal. El gobierno de Portugal ofrece becas para estudios de pregrado. Beneficiarios: estudiantes con promedio superior a 4.0.","intercambio"
"Asunto: Resultado parcial Programación I. Estudiante, el resultado de tu parcial 3 de Programación I ya está cargado. Profesor Alexander Marín.","nota"
"Asunto: Nota disponible Cálculo III. Tu nota del trabajo de Cálculo III ya fue cargada. Consulta en el portal estudiantil. Si tienes inquietudes, contacta al profesor Sandra Milena López.","nota"
"Asunto: Cambio de aula Termodinámica. La clase de Termodinámica con el profesor Oscar Mauricio Ramírez se traslada al aula C258 a partir de la próxima sesión.","anuncio"
"Asunto: Cambio contraseña institucional. Por seguridad, debe cambiar su contraseña del correo institucional cada 90 días. Plazo: 6 de febrero.","otro"
"Asunto: Reciclaje campus. Únete al programa de reciclaje del Pascual Bravo. Puntos ecológicos disponibles en todos los bloques.","otro"
"Asunto: Quiz programado Ergonomía. Recordatorio: el próximo jueves se realizará el quiz 1 de Ergonomía. Temas a evaluar: integrales. Material de apoyo disponible en Google Classroom.","tarea"
"Asunto: Felicitaciones por excelencia académica. Estimado estudiante, en nombre del consejo académico le felicitamos por obtener el mejor promedio del semestre en Ingeniería Eléctrica. Su esfuerzo es ejemplar.","logro"
"Asunto: Convocatoria gobierno Japón. El gobierno de Japón ofrece becas para estudios de pregrado. Beneficiarios: estudiantes con promedio superior a 4.0.","intercambio"
"Asunto: Entrega proyecto integrador. Recordatorio importante: la primera entrega del proyecto integrador de Ergonomía es este sábado 5 de mayo. Subir avance en Moodle.","tarea"
"Asunto: Evento de bienvenida primer semestre. La Institución da la bienvenida a los nuevos estudiantes el próximo jueves con actividades de integración.","evento"
"Asunto: Actualización reglamento estudiantil. La Vicerrectoría Académica comunica modificaciones al reglamento estudiantil. Vigencia desde 7 de abril.","anuncio"
"Asunto: Cambio de aula Cálculo III. La clase de Cálculo III con el profesor Alexander Marín se traslada al aula B230 a partir de la próxima sesión.","anuncio"
"Asunto: Convocatoria intercambio académico Italia. La oficina de Internacionalización del Pascual Bravo invita a participar en la convocatoria de intercambio con universidades de Italia para el periodo 2026-1.","intercambio"
"Asunto: Convocatoria monitor académico. Se abre convocatoria para monitores académicos en Mecánica de Materiales. Beneficio económico y experiencia.","otro"
"Asunto: Programa de movilidad - ICETEX-internacional. La beca ICETEX-internacional financia estudios de pregrado en universidades de Reino Unido. Postulación abierta.","intercambio"
"Asunto: Beca completa estudios exterior. Convocatoria para beca completa de estudios en universidades de México. Cubre matrícula, manutención y tiquetes.","intercambio"
"Asunto: Nueva política de asistencia. La facultad informa que se aplicará nueva política de asistencia. La inasistencia superior al 20% causa pérdida automática de la materia.","anuncio"
"Asunto: Cambio contraseña institucional. Por seguridad, debe cambiar su contraseña del correo institucional cada 90 días. Plazo: 16 de junio.","otro"
"Asunto: Comunicado rectoral. Apreciada comunidad universitaria, el rector se permite informar nuevas disposiciones institucionales para el semestre 2027-1.","anuncio"
"Asunto: Práctica de laboratorio Programación I. Estudiantes, para la próxima sesión de Programación I deben traer el preinforme de la práctica 3 sobre estadística inferencial. Sin preinforme no se permite el ingreso al laboratorio.","tarea"
"Asunto: Foro académico Industria 4.0. La facultad de ingenierías organiza foro académico sobre Industria 4.0. Participación de docentes y estudiantes invitados.","evento"
"Asunto: Requisitos de grado actualizados. Los requisitos para optar al título de Ingeniería Electrónica han sido actualizados. Consulta los nuevos lineamientos en la oficina de Registro.","anuncio"
"Asunto: Comunicado rectoral. Apreciada comunidad universitaria, el rector se permite informar nuevas disposiciones institucionales para el semestre 2026-1.","anuncio"
"Asunto: Comunicado rectoral. Apreciada comunidad universitaria, el rector se permite informar nuevas disposiciones institucionales para el semestre 2026-2.","anuncio"
"Asunto: Programa Erasmus+ 2026. Convocatoria abierta para movilidad académica en universidades europeas mediante el programa Erasmus+. Cupos limitados.","intercambio"
"Asunto: Nueva tarea en Google Classroom - Ergonomía. Apreciado estudiante, el docente Sandra Milena López ha publicado una nueva actividad para la materia Ergonomía. Fecha límite de entrega: miércoles 14 de febrero. Por favor revisar la guía adjunta.","tarea"
"Asunto: Doble titulación con universidad de Argentina. Nueva oportunidad: programa de doble titulación con la Universidad de Madrid en Argentina. Reuniones informativas próximamente.","intercambio"
"Asunto: Recordatorio entrega Emprendimiento. Recuerda que la entrega del taller 6 de Emprendimiento vence este martes. Sube tu trabajo en el portal estudiantil antes de las 11:59 PM. Atentamente, Ana Maria Gómez.","tarea"
"Asunto: Resultado parcial Ingeniería de Software. Estudiante, el resultado de tu parcial 2 de Ingeniería de Software ya está cargado. Profesor Alexander Marín.","nota"
"Asunto: Promedio acumulado actualizado. Tu promedio acumulado fue actualizado tras el cierre del periodo. Consulta tu situación académica en SICAU.","nota"
"Asunto: Nuevo menú cafetería. Te invitamos a conocer el nuevo menú de la cafetería universitaria. Opciones saludables y económicas para estudiantes.","otro"
"Asunto: Actualización datos personales. Le solicitamos actualizar sus datos personales en SICAU. Es requisito para continuar el proceso académico del próximo semestre.","otro"
"Asunto: Recolección de firmas. Se está recolectando firmas para una propuesta estudiantil sobre equidad de género. Apoye en la oficina del consejo estudiantil.","otro"
"Asunto: Resultado parcial Física I. Estudiante, el resultado de tu parcial 2 de Física I ya está cargado. Profesor Alexander Marín.","nota"
"Asunto: Cierre temporal SICAU. El sistema SICAU estará en mantenimiento el martes de 10:00 AM a 2:00 PM. Lamentamos los inconvenientes.","anuncio"
"Asunto: Tarea Moodle - Modelado 3D. Se habilitó en Moodle la tarea sobre termodinámica. Tienen hasta el lunes para resolverla. Solo un intento permitido.","tarea"
"Asunto: Notas sustentación proyecto. Las notas de la sustentación del proyecto integrador fueron publicadas por el profesor Sandra Milena López.","nota"
"Asunto: Cuestionario Ética Profesional. Cuestionario disponible en Microsoft Teams sobre los temas de termodinámica. Fecha límite: miércoles a las 11:59 PM.","tarea"
"Asunto: Recolección de firmas. Se está recolectando firmas para una propuesta estudiantil sobre equidad de género. Apoye en la oficina del consejo estudiantil.","otro"
"Asunto: Becas para estudios en exterior. Convocatorias internacionales 2026: estudios de posgrado en Japón. Información completa en la oficina de Internacionalización.","intercambio"
"Asunto: Notas práctica laboratorio. Las calificaciones de las prácticas de laboratorio de Diseño Industrial I fueron publicadas en Google Classroom.","nota"
"Asunto: Inicio de matrículas 2027-1. La oficina de Registro y Control Académico informa que las matrículas para el periodo 2027-1 inician el 1 de abril.","anuncio"
"Asunto: Día de la Innovación. Muestra de proyectos estudiantiles innovadores. 12 de abril, plazoleta principal del campus.","evento"
"Asunto: Encuesta evaluación docente. Recordatorio: evalúe a sus docentes en SICAU antes del cierre del semestre. Es requisito para ver sus notas.","otro"
"Asunto: Doble titulación con universidad de Holanda. Nueva oportunidad: programa de doble titulación con la Universidad de París en Holanda. Reuniones informativas próximamente.","intercambio"
"Asunto: Convocatoria monitor académico. Se abre convocatoria para monitores académicos en Ética Profesional. Beneficio económico y experiencia.","otro"
"Asunto: Práctica de laboratorio Investigación de Operaciones. Estudiantes, para la próxima sesión de Investigación de Operaciones deben traer el preinforme de la práctica 2 sobre matrices. Sin preinforme no se permite el ingreso al laboratorio.","tarea"
"Asunto: Renovación carné estudiantil. Recordatorio: tu carné estudiantil vence pronto. Acércate a la oficina de Bienestar para renovarlo.","otro"
"Asunto: Calificación proyecto final. Tu nota del proyecto final de Procesos de Manufactura ya está disponible. Comentarios y retroalimentación en Moodle.","nota"
"Asunto: Suspensión de clases. La Institución Universitaria Pascual Bravo informa que el día lunes 22 de junio no habrá actividades académicas debido a celebración del día del maestro. Las clases se reprogramarán.","anuncio"
"Asunto: Invitación: Conferencia de internet de las cosas. El Pascual Bravo invita a toda la comunidad estudiantil a la conferencia 'Transformación digital en la industria' el jueves 19 de junio a las 6:00 AM en el auditorio principal.","evento"
"Asunto: Seguimiento egresado. Si eres próximo a graduarte, completa el formulario de seguimiento de egresados. Es muy importante para la institución.","otro"
"Asunto: Oportunidad doble titulación. Programa de doble titulación con la Universidad Politécnica de Ciudad de México. Requisitos en la oficina de Relaciones Internacionales.","intercambio"
"Asunto: Trabajo final Procesos de Manufactura. Estudiantes del grupo G1A, se ha asignado el trabajo final de Procesos de Manufactura. Es en grupos de máximo 3 personas. Plazo de entrega: 23 de febrero. Pesos: 30% de la nota definitiva.","tarea"
"Asunto: Charla de emprendimiento. Egresados destacados del Pascual Bravo compartirán sus experiencias el lunes 24 en el auditorio. Entrada libre.","evento"
"Asunto: Programa de intercambio con Toronto. Estudiantes de Ingeniería de Sistemas, abierta convocatoria de intercambio con la Universidad de Toronto. No requiere intermediario.","intercambio"
"Asunto: Calificación proyecto final. Tu nota del proyecto final de Inglés III ya está disponible. Comentarios y retroalimentación en Canvas.","nota"
"Asunto: Becas para estudios en exterior. Convocatorias internacionales 2026: estudios de posgrado en Holanda. Información completa en la oficina de Internacionalización.","intercambio"
"Asunto: Solicitud certificado. Para solicitar tu certificado de notas, ingresa a SICAU y radica la solicitud. Tiempo de respuesta: 5 días hábiles.","otro"
"Asunto: Notas talleres Circuitos Eléctricos II. El profesor Diego Alejandro Muñoz cargó las notas de los talleres del semestre. Revísalas en SICAU.","nota"
"Asunto: Nueva política de asistencia. La facultad informa que se aplicará nueva política de asistencia. La inasistencia superior al 20% causa pérdida automática de la materia.","anuncio"
"Asunto: Premio mejor estudiante carrera. Ha sido nombrado mejor estudiante de Diseño Industrial del semestre. La ceremonia de entrega será el 8 de junio.","logro"
"Asunto: Actualización reglamento estudiantil. La Vicerrectoría Académica comunica modificaciones al reglamento estudiantil. Vigencia desde 20 de diciembre.","anuncio"
"Asunto: Actualización datos personales. Le solicitamos actualizar sus datos personales en SICAU. Es requisito para continuar el proceso académico del próximo semestre.","otro"
"Asunto: Nueva tarea en SICAU - Sistemas de Potencia. Apreciado estudiante, el docente Beatriz Elena Ruiz ha publicado una nueva actividad para la materia Sistemas de Potencia. Fecha límite de entrega: lunes 24 de febrero. Por favor revisar la guía adjunta.","tarea"
"Asunto: Nueva red WiFi campus. Se habilita la nueva red WiFi 'PB-Estudiantes' en todos los bloques. Ingrese con sus credenciales institucionales.","otro"
"Asunto: Programa de movilidad - Becas Carolina. La beca Becas Carolina financia estudios de pregrado en universidades de Italia. Postulación abierta.","intercambio"
"Asunto: Reconocimiento liderazgo. La oficina de Bienestar le reconoce por su destacado liderazgo estudiantil durante el periodo 2025-2. Felicitaciones.","logro"
"Asunto: Felicitaciones graduación con honores. Estimado estudiante, lo felicitamos por culminar sus estudios de Ingeniería Mecánica con honores académicos.","logro"
"Asunto: Renovación de carné. Se recuerda a los estudiantes que deben renovar su carné estudiantil en la oficina de Bienestar antes del 12 de enero.","anuncio"
"Asunto: Premio mejor estudiante carrera. Ha sido nombrado mejor estudiante de Tecnología Mecánica del semestre. La ceremonia de entrega será el 4 de septiembre.","logro"
"Asunto: Entrega proyecto integrador. Recordatorio importante: la primera entrega del proyecto integrador de Ingeniería de Software es este viernes 16 de febrero. Subir avance en Canvas.","tarea"
"Asunto: Convocatoria monitor académico. Se abre convocatoria para monitores académicos en Modelado 3D. Beneficio económico y experiencia.","otro"
"Asunto: Encuesta evaluación docente. Recordatorio: evalúe a sus docentes en SICAU antes del cierre del semestre. Es requisito para ver sus notas.","otro"
"Asunto: Atención psicológica gratuita. Bienestar Universitario ofrece atención psicológica gratuita a estudiantes. Solicita tu cita en la oficina.","otro"
"Asunto: Programa salud estudiantil. Inscríbete en el programa de salud estudiantil. Chequeos médicos gratuitos en bienestar.","otro"
"Asunto: Material disponible biblioteca. Nuevo material bibliográfico disponible sobre movilidad en la biblioteca. Aprovecha estos recursos para tus proyectos.","otro"
"Asunto: Evento cultural - Festival de música. La oficina de Bienestar invita al Festival de Música del Pascual Bravo. Bandas estudiantiles, entrada libre.","evento"
"Asunto: Actualización datos personales. Le solicitamos actualizar sus datos personales en SICAU. Es requisito para continuar el proceso académico del próximo semestre.","otro"
"Asunto: Mención honorífica. El consejo académico le otorga mención honorífica por su trabajo de grado titulado 'Diseño de prótesis 3D'.","logro"
"Asunto: Material disponible biblioteca. Nuevo material bibliográfico disponible sobre uso de plataformas digitales en la biblioteca. Aprovecha estos recursos para tus proyectos.","otro"
"Asunto: Solicitud certificado. Para solicitar tu certificado de notas, ingresa a SICAU y radica la solicitud. Tiempo de respuesta: 5 días hábiles.","otro"
"Asunto: Charla de emprendimiento. Egresados destacados del Pascual Bravo compartirán sus experiencias el sábado 1 en el auditorio. Entrada libre.","evento"
"Asunto: Recordatorio entrega Circuitos Eléctricos II. Recuerda que la entrega del taller 3 de Circuitos Eléctricos II vence este sábado. Sube tu trabajo en Microsoft Teams antes de las 11:59 PM. Atentamente, Natalia Zapata.","tarea"
"Asunto: Programa de tutorías. La oficina de Bienestar ofrece tutorías gratuitas en Inglés I. Inscríbete antes del 20 de diciembre.","otro"
"Asunto: Calificación habilitación Gestión de Proyectos. Estudiante, tu calificación de la habilitación de Gestión de Proyectos fue publicada. Consulta SICAU.","nota"
"Asunto: Sustentación proyecto Inglés I. La sustentación del proyecto de Inglés I será el 7 de mayo. Cada grupo tendrá 15 minutos para exponer.","tarea"
"Asunto: Becas para estudios en exterior. Convocatorias internacionales 2026: estudios de posgrado en Alemania. Información completa en la oficina de Internacionalización.","intercambio"
"Asunto: Feria del libro académico. Se realizará la Feria del Libro Académico con descuentos especiales en libros técnicos y de ingeniería.","evento"
"Asunto: Corrección de nota Programación II. Tu nota del parcial 3 de Programación II fue corregida tras la reclamación. Nueva calificación disponible en SICAU.","nota"
"Asunto: Lectura obligatoria Cálculo I. Para la próxima clase de Cálculo I con el profesor Diego Alejandro Muñoz, deben haber leído el capítulo 3 sobre circuitos RLC. Habrá control de lectura.","tarea"
"Asunto: Seguimiento egresado. Si eres próximo a graduarte, completa el formulario de seguimiento de egresados. Es muy importante para la institución.","otro"
"Asunto: Entrega proyecto integrador. Recordatorio importante: la primera entrega del proyecto integrador de Metodología de Diseño es este sábado 13 de septiembre. Subir avance en el portal estudiantil.","tarea"
"Asunto: Notas finales Dibujo Técnico. Las notas finales de Dibujo Técnico ya están disponibles en SICAU. Plazo para reclamos: 3 días hábiles después de la publicación.","nota"
"Asunto: Beca DAAD para Alemania. La beca DAAD ofrece la posibilidad de estudiar un semestre en universidades alemanas. Postulaciones hasta el 2 de junio.","intercambio"
"Asunto: Solicitud certificado. Para solicitar tu certificado de notas, ingresa a SICAU y radica la solicitud. Tiempo de respuesta: 5 días hábiles.","otro"
"Asunto: Tarea Moodle - Estructuras de Datos. Se habilitó en Moodle la tarea sobre matrices. Tienen hasta el lunes para resolverla. Solo un intento permitido.","tarea"
"Asunto: Requisitos de grado actualizados. Los requisitos para optar al título de Ingeniería Eléctrica han sido actualizados. Consulta los nuevos lineamientos en la oficina de Registro.","anuncio"
"Asunto: Beca completa estudios exterior. Convocatoria para beca completa de estudios en universidades de México. Cubre matrícula, manutención y tiquetes.","intercambio"
"Asunto: Comunicado rectoral. Apreciada comunidad universitaria, el rector se permite informar nuevas disposiciones institucionales para el semestre 2026-2.","anuncio"
"Asunto: Hackathon Pascual Bravo 2026. Se abren inscripciones para el Hackathon institucional. Premios para los tres primeros lugares. Fecha: 2 y 24 de febrero.","evento"
"Asunto: Nueva tarea en Canvas - Ingeniería de Software. Apreciado estudiante, el docente Juan Pablo Vélez ha publicado una nueva actividad para la materia Ingeniería de Software. Fecha límite de entrega: sábado 2 de enero. Por favor revisar la guía adjunta.","tarea"
"Asunto: Charla de emprendimiento. Egresados destacados del Pascual Bravo compartirán sus experiencias el viernes 11 en el auditorio. Entrada libre.","evento"
"Asunto: Notas sustentación proyecto. Las notas de la sustentación del proyecto integrador fueron publicadas por el profesor Beatriz Elena Ruiz.","nota"
"Asunto: Reconocimiento liderazgo. La oficina de Bienestar le reconoce por su destacado liderazgo estudiantil durante el periodo 2026-1. Felicitaciones.","logro"
"Asunto: Actualización reglamento estudiantil. La Vicerrectoría Académica comunica modificaciones al reglamento estudiantil. Vigencia desde 2 de enero.","anuncio"
"Asunto: Suspensión de clases. La Institución Universitaria Pascual Bravo informa que el día lunes 12 de septiembre no habrá actividades académicas debido a día festivo. Las clases se reprogramarán.","anuncio"
"Asunto: Recordatorio entrega Emprendimiento. Recuerda que la entrega del taller 8 de Emprendimiento vence este jueves. Sube tu trabajo en SICAU antes de las 11:59 PM. Atentamente, Hernán Darío Pérez.","tarea"
"Asunto: Feria de prácticas profesionales. La oficina de Extensión invita a la Feria de Prácticas Profesionales 2027 con la participación de empresas como ISA, MercadoLibre y otras.","evento"
"Asunto: Nueva tarea en Microsoft Teams - Ética Profesional. Apreciado estudiante, el docente Paula Andrea Cano ha publicado una nueva actividad para la materia Ética Profesional. Fecha límite de entrega: lunes 3 de septiembre. Por favor revisar la guía adjunta.","tarea"
"Asunto: Tarea Moodle - Algebra Lineal. Se habilitó en Moodle la tarea sobre fluidos. Tienen hasta el sábado para resolverla. Solo un intento permitido.","tarea"
"Asunto: Mantenimiento del campus. El bloque C estará cerrado el miércoles por mantenimiento eléctrico. Las clases se trasladarán al bloque D.","anuncio"
"Asunto: Feria del libro académico. Se realizará la Feria del Libro Académico con descuentos especiales en libros técnicos y de ingeniería.","evento"
"Asunto: Evento de bienvenida primer semestre. La Institución da la bienvenida a los nuevos estudiantes el próximo miércoles con actividades de integración.","evento"
"Asunto: Torneo deportivo interfacultades. Inscripciones abiertas para el torneo deportivo interfacultades en disciplinas como fútbol, voleibol y tenis de mesa.","evento"
"Asunto: Convocatoria intercambio académico Italia. La oficina de Internacionalización del Pascual Bravo invita a participar en la convocatoria de intercambio con universidades de Italia para el periodo 2027-1.","intercambio"
"Asunto: Aviso importante - Pagos. Recordatorio: el plazo para el pago de matrícula del periodo 2026-1 vence el 23 de abril.","anuncio"
"Asunto: Notas práctica laboratorio. Las calificaciones de las prácticas de laboratorio de Modelado 3D fueron publicadas en Microsoft Teams.","nota"
"Asunto: Encuesta clima organizacional. La oficina de Talento Humano realiza encuesta sobre clima organizacional. Tu participación es voluntaria pero valiosa.","otro"
"Asunto: Curso de extensión. La Institución ofrece curso de extensión en salud mental. Inscripciones abiertas para estudiantes y comunidad externa.","otro"
"Asunto: Workshop data science. Workshop intensivo de data science con casos reales del sector. Sábado 25 de febrero, de 8 AM a 5 PM.","evento"
"Asunto: Cuestionario Resistencia de Materiales. Cuestionario disponible en Moodle sobre los temas de termodinámica. Fecha límite: miércoles a las 11:59 PM.","tarea"
"Asunto: Encuesta de satisfacción. Apreciado estudiante, dedique 5 minutos a responder la encuesta de satisfacción institucional. Su opinión es muy importante para nosotros.","otro"
"Asunto: Cuestionario Programación I. Cuestionario disponible en Moodle sobre los temas de circuitos RLC. Fecha límite: miércoles a las 11:59 PM.","tarea"
"Asunto: Entrega informe final Inglés II. Profesor Andrés Felipe Quintero recuerda que el informe final debe entregarse impreso y digital antes del 28 de septiembre.","tarea"
"Asunto: Reciclaje campus. Únete al programa de reciclaje del Pascual Bravo. Puntos ecológicos disponibles en todos los bloques.","otro"
"Asunto: Servicio de transporte. La ruta universitaria modifica su recorrido a partir del 15 de diciembre. Consulta los nuevos paraderos.","otro"
"Asunto: Rueda de negocios estudiantil. Oportunidad para estudiantes emprendedores: rueda de negocios con inversionistas el 21 de marzo.","evento"
"Asunto: Cambio de aula Programación I. La clase de Programación I con el profesor Luisa Fernanda Ríos se traslada al aula B244 a partir de la próxima sesión.","anuncio"
"Asunto: Mención honorífica. El consejo académico le otorga mención honorífica por su trabajo de grado titulado 'Sistema de energías renovables'.","logro"
"Asunto: Selección lista de honor. Hemos publicado la lista de honor del semestre y usted aparece en ella. Felicitaciones por su excelencia académica.","logro"
"Asunto: Paro académico. Se informa a la comunidad estudiantil que se ha decretado paro académico por jornada institucional. Las clases se reanudarán el 11 de mayo.","anuncio"
"Asunto: Programa de movilidad - Becas Carolina. La beca Becas Carolina financia estudios de pregrado en universidades de Japón. Postulación abierta.","intercambio"
"Asunto: Resultado parcial Máquinas Eléctricas. Estudiante, el resultado de tu parcial 4 de Máquinas Eléctricas ya está cargado. Profesor Mónica Bedoya.","nota"
"Asunto: Reconocimiento aporte investigación. El comité de investigación reconoce su aporte sobresaliente al semillero de matemáticas aplicadas. Continúe con ese excelente trabajo.","logro"
"Asunto: Felicitaciones por excelencia académica. Estimado estudiante, en nombre del consejo académico le felicitamos por obtener el mejor promedio del semestre en Ingeniería Eléctrica. Su esfuerzo es ejemplar.","logro"
"Asunto: Nueva política de asistencia. La facultad informa que se aplicará nueva política de asistencia. La inasistencia superior al 20% causa pérdida automática de la materia.","anuncio"
"Asunto: Cambio de aula Gestión de Proyectos. La clase de Gestión de Proyectos con el profesor Mónica Bedoya se traslada al aula A123 a partir de la próxima sesión.","anuncio"
"Asunto: Cambio de modalidad clases. Las clases de Física II pasan a modalidad virtual a partir del 12 de marzo hasta nuevo aviso.","anuncio"
"Asunto: Torneo deportivo interfacultades. Inscripciones abiertas para el torneo deportivo interfacultades en disciplinas como fútbol, voleibol y tenis de mesa.","evento"
"Asunto: Beca DAAD para Alemania. La beca DAAD ofrece la posibilidad de estudiar un semestre en universidades alemanas. Postulaciones hasta el 20 de octubre.","intercambio"
"Asunto: Invitación: Conferencia de blockchain. El Pascual Bravo invita a toda la comunidad estudiantil a la conferencia 'Transformación digital en la industria' el miércoles 10 de septiembre a las 1:00 AM en el auditorio principal.","evento"
"Asunto: Beca Chevening disponible. Se encuentra abierta la convocatoria para la beca Chevening dirigida a estudiantes destacados que deseen estudiar en Argentina. Plazo: 1 de febrero.","intercambio"
"Asunto: Intercambio virtual internacional. Programa de intercambio virtual con universidades de Holanda. No requiere viajar, certificación internacional.","intercambio"
"Asunto: Programa Erasmus+ 2027. Convocatoria abierta para movilidad académica en universidades europeas mediante el programa Erasmus+. Cupos limitados.","intercambio"
"Asunto: Calificación publicada - Algebra Lineal. Se ha publicado tu calificación del parcial 3 de Algebra Lineal. Puedes consultarla ingresando a SICAU con tu usuario institucional.","nota"
"Asunto: Convocatoria gobierno España. El gobierno de España ofrece becas para estudios de pregrado. Beneficiarios: estudiantes con promedio superior a 4.0.","intercambio"
"Asunto: Mantenimiento del campus. El bloque E estará cerrado el miércoles por mantenimiento eléctrico. Las clases se trasladarán al bloque D.","anuncio"
"Asunto: Pasantía investigación exterior. Convocatoria de pasantías de investigación en Portugal para estudiantes de últimos semestres de ingeniería.","intercambio"
"Asunto: Movilidad académica con MIT. Oportunidad única: programa de movilidad académica con el MIT. Selección por mérito académico y nivel de inglés.","intercambio"
"Asunto: Paro académico. Se informa a la comunidad estudiantil que se ha decretado paro académico por asamblea estudiantil. Las clases se reanudarán el 18 de agosto.","anuncio"
"Asunto: Selección lista de honor. Hemos publicado la lista de honor del semestre y usted aparece en ella. Felicitaciones por su excelencia académica.","logro"
"Asunto: Conferencia magistral - Inteligencia Artificial. Conferencia magistral con expositor invitado de Argos. Tema: 'El futuro de la IA en Colombia'. Cupo limitado.","evento"
"Asunto: Mantenimiento del campus. El bloque E estará cerrado el lunes por mantenimiento eléctrico. Las clases se trasladarán al bloque D.","anuncio"
"Asunto: Comunicado rectoral. Apreciada comunidad universitaria, el rector se permite informar nuevas disposiciones institucionales para el semestre 2027-1.","anuncio"
"Asunto: Modificación calendario académico. El calendario académico fue modificado. Nueva fecha de finalización del semestre: 19 de febrero.","anuncio"
"Asunto: Notas talleres Estadística. El profesor Alexander Marín cargó las notas de los talleres del semestre. Revísalas en SICAU.","nota"
"Asunto: Atención psicológica gratuita. Bienestar Universitario ofrece atención psicológica gratuita a estudiantes. Solicita tu cita en la oficina.","otro"
"Asunto: Encuesta de satisfacción. Apreciado estudiante, dedique 5 minutos a responder la encuesta de satisfacción institucional. Su opinión es muy importante para nosotros.","otro"
"Asunto: Calificación habilitación Termodinámica. Estudiante, tu calificación de la habilitación de Termodinámica fue publicada. Consulta SICAU.","nota"
"Asunto: Foro académico Inteligencia Artificial. La facultad de ingenierías organiza foro académico sobre Inteligencia Artificial. Participación de docentes y estudiantes invitados.","evento"
"Asunto: Taller 6 - Investigación de Operaciones. Buenas tardes, en SICAU encuentran el taller número 6 correspondiente a la unidad de recursividad. Entrega individual antes del martes 28 de febrero.","tarea"
"Asunto: Inauguración laboratorio. Acto de inauguración del nuevo laboratorio de blockchain. Asistencia de directivos, docentes y estudiantes destacados.","evento"
"Asunto: Calificación proyecto final. Tu nota del proyecto final de Termodinámica ya está disponible. Comentarios y retroalimentación en Moodle.","nota"
"Asunto: Resultado examen supletorio. El resultado del examen supletorio de Investigación de Operaciones ya fue cargado al sistema académico.","nota"
"Asunto: Calificación publicada - Machine Learning. Se ha publicado tu calificación del parcial 4 de Machine Learning. Puedes consultarla ingresando a SICAU con tu usuario institucional.","nota"
"Asunto: Notas sustentación proyecto. Las notas de la sustentación del proyecto integrador fueron publicadas por el profesor Paula Andrea Cano.","nota"
"Asunto: Modificación calendario académico. El calendario académico fue modificado. Nueva fecha de finalización del semestre: 12 de mayo.","anuncio"
"Asunto: Notas talleres Cálculo III. El profesor Natalia Zapata cargó las notas de los talleres del semestre. Revísalas en SICAU.","nota"
"Asunto: Felicitaciones por excelencia académica. Estimado estudiante, en nombre del consejo académico le felicitamos por obtener el mejor promedio del semestre en Ingeniería Electrónica. Su esfuerzo es ejemplar.","logro"
"Asunto: Horario biblioteca extendido. Durante temporada de exámenes, la biblioteca extiende su horario hasta las 10 PM de lunes a viernes.","otro"
"Asunto: Intercambio virtual internacional. Programa de intercambio virtual con universidades de Italia. No requiere viajar, certificación internacional.","intercambio"
"Asunto: Quiz programado Cálculo III. Recordatorio: el próximo martes se realizará el quiz 2 de Cálculo III. Temas a evaluar: derivadas. Material de apoyo disponible en Canvas.","tarea"
"Asunto: Solicitud certificado. Para solicitar tu certificado de notas, ingresa a SICAU y radica la solicitud. Tiempo de respuesta: 5 días hábiles.","otro"
"Asunto: Quiz programado Desarrollo Web. Recordatorio: el próximo viernes se realizará el quiz 7 de Desarrollo Web. Temas a evaluar: termodinámica. Material de apoyo disponible en Microsoft Teams.","tarea"
"Asunto: Pasantía investigación exterior. Convocatoria de pasantías de investigación en Australia para estudiantes de últimos semestres de ingeniería.","intercambio"
"Asunto: Actividad pendiente en el portal estudiantil. Se le recuerda que tiene actividades pendientes por entregar en Termodinámica. Por favor revisar el cronograma actualizado.","tarea"
"Asunto: Reporte de notas semestre. El reporte oficial de notas del semestre ya está disponible para descarga en el portal estudiantil.","nota"
"Asunto: Calificación habilitación Inglés I. Estudiante, tu calificación de la habilitación de Inglés I fue publicada. Consulta SICAU.","nota"
"Asunto: Quiz programado Sistemas Operativos. Recordatorio: el próximo martes se realizará el quiz 5 de Sistemas Operativos. Temas a evaluar: fluidos. Material de apoyo disponible en Moodle.","tarea"
"Asunto: Ceremonia de grados. Invitación a la ceremonia de grados del periodo 2026-1. Fecha: 19 de septiembre, 10:00 AM, Teatro Pablo Tobón Uribe.","evento"
"Asunto: Programa salud estudiantil. Inscríbete en el programa de salud estudiantil. Chequeos médicos gratuitos en bienestar.","otro"
"Asunto: Feria del libro académico. Se realizará la Feria del Libro Académico con descuentos especiales en libros técnicos y de ingeniería.","evento"
"Asunto: Movilidad académica con MIT. Oportunidad única: programa de movilidad académica con el MIT. Selección por mérito académico y nivel de inglés.","intercambio"
"Asunto: Quiz programado Desarrollo Web. Recordatorio: el próximo viernes se realizará el quiz 4 de Desarrollo Web. Temas a evaluar: termodinámica. Material de apoyo disponible en Moodle.","tarea"
"Asunto: Nueva política de asistencia. La facultad informa que se aplicará nueva política de asistencia. La inasistencia superior al 20% causa pérdida automática de la materia.","anuncio"
"Asunto: Sustentación proyecto Mecánica de Materiales. La sustentación del proyecto de Mecánica de Materiales será el 16 de septiembre. Cada grupo tendrá 15 minutos para exponer.","tarea"
"Asunto: Calificación publicada - Dibujo Técnico. Se ha publicado tu calificación del parcial 3 de Dibujo Técnico. Puedes consultarla ingresando a SICAU con tu usuario institucional.","nota"
"Asunto: Notas finales Constitución Política. Las notas finales de Constitución Política ya están disponibles en SICAU. Plazo para reclamos: 3 días hábiles después de la publicación.","nota"
"Asunto: Primer lugar concurso. Su equipo obtuvo el primer lugar en el concurso de diseño representando a la institución. Felicitaciones.","logro"
"Asunto: Programa salud estudiantil. Inscríbete en el programa de salud estudiantil. Chequeos médicos gratuitos en bienestar.","otro"
"Asunto: Nueva tarea en el portal estudiantil - Ergonomía. Apreciado estudiante, el docente Carlos Restrepo ha publicado una nueva actividad para la materia Ergonomía. Fecha límite de entrega: lunes 25 de abril. Por favor revisar la guía adjunta.","tarea"
"Asunto: Inicio de matrículas 2027-1. La oficina de Registro y Control Académico informa que las matrículas para el periodo 2027-1 inician el 2 de abril.","anuncio"
"Asunto: Notas finales Ingeniería de Software. Las notas finales de Ingeniería de Software ya están disponibles en SICAU. Plazo para reclamos: 3 días hábiles después de la publicación.","nota"
"Asunto: Promedio acumulado actualizado. Tu promedio acumulado fue actualizado tras el cierre del periodo. Consulta tu situación académica en SICAU.","nota"
"Asunto: Workshop diseño UX. Workshop intensivo de diseño UX con casos reales del sector. Sábado 22 de junio, de 8 AM a 5 PM.","evento"
"Asunto: Paro académico. Se informa a la comunidad estudiantil que se ha decretado paro académico por mantenimiento general. Las clases se reanudarán el 10 de febrero.","anuncio"
"Asunto: Cambio de horario. Comunicado oficial: el horario de Algebra Lineal cambia a partir de la próxima semana. Nuevo horario: jueves de 10:00 AM a 3:00 PM.","anuncio"
"Asunto: Selección representante. Ha sido seleccionado para representar al Pascual Bravo en el congreso nacional de estudiantes de ingeniería. Felicitaciones.","logro"
"Asunto: Cambio plan estudios. Recordatorio: si cambiaste de plan de estudios, valida tus materias en la oficina de Registro y Control.","otro"
"Asunto: Suspensión actividades clima. Por condiciones climáticas adversas, las actividades académicas del sábado se suspenden. Reprogramación pendiente.","anuncio"
"Asunto: Requisitos de grado actualizados. Los requisitos para optar al título de Tecnología en Sistematización de Datos han sido actualizados. Consulta los nuevos lineamientos en la oficina de Registro.","anuncio"
"Asunto: Mantenimiento del campus. El bloque C estará cerrado el jueves por mantenimiento eléctrico. Las clases se trasladarán al bloque B.","anuncio"
"Asunto: Movilidad académica con MIT. Oportunidad única: programa de movilidad académica con el MIT. Selección por mérito académico y nivel de inglés.","intercambio"
"Asunto: Evento de bienvenida primer semestre. La Institución da la bienvenida a los nuevos estudiantes el próximo jueves con actividades de integración.","evento"
"Asunto: Requisitos de grado actualizados. Los requisitos para optar al título de Tecnología Mecánica han sido actualizados. Consulta los nuevos lineamientos en la oficina de Registro.","anuncio"
"Asunto: Taller 4 - Diseño Mecánico. Buenas tardes, en SICAU encuentran el taller número 4 correspondiente a la unidad de POO. Entrega individual antes del miércoles 27 de abril.","tarea"
"Asunto: Movilidad estudiantil internacional. La Institución informa que la convocatoria de movilidad estudiantil hacia Italia para el semestre 2026-2 ya está abierta.","intercambio"
"Asunto: Material disponible biblioteca. Nuevo material bibliográfico disponible sobre movilidad en la biblioteca. Aprovecha estos recursos para tus proyectos.","otro"
"Asunto: Mantenimiento del campus. El bloque E estará cerrado el jueves por mantenimiento eléctrico. Las clases se trasladarán al bloque D.","anuncio"
"Asunto: Intercambio Fulbright EE.UU. El programa Fulbright abre convocatoria para estudiantes colombianos. Aplica antes del 23 de febrero.","intercambio"
"Asunto: Programa de tutorías. La oficina de Bienestar ofrece tutorías gratuitas en Estadística. Inscríbete antes del 19 de junio.","otro"
"Asunto: Notas sustentación proyecto. Las notas de la sustentación del proyecto integrador fueron publicadas por el profesor Hernán Darío Pérez.","nota"
"Asunto: Intercambio virtual internacional. Programa de intercambio virtual con universidades de Canadá. No requiere viajar, certificación internacional.","intercambio"
"Asunto: Entrega proyecto integrador. Recordatorio importante: la primera entrega del proyecto integrador de Ingeniería de Software es este miércoles 27 de agosto. Subir avance en Microsoft Teams.","tarea"
"Asunto: Entrega informe final Emprendimiento. Profesor Sandra Milena López recuerda que el informe final debe entregarse impreso y digital antes del 22 de febrero.","tarea"
"Asunto: Evento cultural - Festival de música. La oficina de Bienestar invita al Festival de Música del Pascual Bravo. Bandas estudiantiles, entrada libre.","evento"
"Asunto: Notas talleres Inglés III. El profesor Ana Maria Gómez cargó las notas de los talleres del semestre. Revísalas en SICAU.","nota"
"Asunto: Beca completa estudios exterior. Convocatoria para beca completa de estudios en universidades de Alemania. Cubre matrícula, manutención y tiquetes.","intercambio"
"Asunto: Nueva tarea en Canvas - Termodinámica. Apreciado estudiante, el docente Juan Pablo Vélez ha publicado una nueva actividad para la materia Termodinámica. Fecha límite de entrega: sábado 28 de febrero. Por favor revisar la guía adjunta.","tarea"
"Asunto: Invitación: Conferencia de ciberseguridad. El Pascual Bravo invita a toda la comunidad estudiantil a la conferencia 'Ingeniería para la sostenibilidad' el miércoles 20 de septiembre a las 4:00 PM en el auditorio principal.","evento"
"Asunto: Reconocimiento liderazgo. La oficina de Bienestar le reconoce por su destacado liderazgo estudiantil durante el periodo 2025-2. Felicitaciones.","logro"
"Asunto: Cambio de aula Diseño Industrial I. La clase de Diseño Industrial I con el profesor Alexander Marín se traslada al aula B134 a partir de la próxima sesión.","anuncio"
"Asunto: Resultado parcial Desarrollo Web. Estudiante, el resultado de tu parcial 3 de Desarrollo Web ya está cargado. Profesor Catalina Ospina.","nota"
"Asunto: Calificación examen final. Puedes consultar tu nota del examen final de Hidráulica y Neumática en el portal estudiantil. Cualquier reclamación debe radicarse antes del 10 de agosto.","nota"
"Asunto: Suspensión de clases. La Institución Universitaria Pascual Bravo informa que el día lunes 13 de agosto no habrá actividades académicas debido a celebración del día del maestro. Las clases se reprogramarán.","anuncio"
"Asunto: Resultado quiz Dibujo Técnico. El profesor Natalia Zapata publicó las notas del quiz 4 en Google Classroom. Revisa tu calificación.","nota"
"Asunto: Cambio de aula Inteligencia Artificial. La clase de Inteligencia Artificial con el profesor Ana Maria Gómez se traslada al aula B216 a partir de la próxima sesión.","anuncio"
"Asunto: Notas práctica laboratorio. Las calificaciones de las prácticas de laboratorio de Física I fueron publicadas en el portal estudiantil.","nota"
"Asunto: Programa de tutorías. La oficina de Bienestar ofrece tutorías gratuitas en Física I. Inscríbete antes del 26 de enero.","otro"
"Asunto: Nota disponible Mecánica de Materiales. Tu nota del trabajo de Mecánica de Materiales ya fue cargada. Consulta en el portal estudiantil. Si tienes inquietudes, contacta al profesor Hernán Darío Pérez.","nota"
"Asunto: Nueva tarea en Canvas - Programación I. Apreciado estudiante, el docente Claudia Patricia Henao ha publicado una nueva actividad para la materia Programación I. Fecha límite de entrega: martes 24 de agosto. Por favor revisar la guía adjunta.","tarea"
"Asunto: Pasantía investigación exterior. Convocatoria de pasantías de investigación en Portugal para estudiantes de últimos semestres de ingeniería.","intercambio"
"Asunto: Convocatoria monitor académico. Se abre convocatoria para monitores académicos en Máquinas Eléctricas. Beneficio económico y experiencia.","otro"
"Asunto: Convocatoria gobierno Portugal. El gobierno de Portugal ofrece becas para estudios de pregrado. Beneficiarios: estudiantes con promedio superior a 4.0.","intercambio"
"Asunto: Mantenimiento del campus. El bloque C estará cerrado el jueves por mantenimiento eléctrico. Las clases se trasladarán al bloque A.","anuncio"
"Asunto: Hackathon Pascual Bravo 2027. Se abren inscripciones para el Hackathon institucional. Premios para los tres primeros lugares. Fecha: 24 y 22 de junio.","evento"
"Asunto: Notas sustentación proyecto. Las notas de la sustentación del proyecto integrador fueron publicadas por el profesor Catalina Ospina.","nota"
"Asunto: Cambio de modalidad clases. Las clases de Ingeniería de Software pasan a modalidad virtual a partir del 2 de abril hasta nuevo aviso.","anuncio"
"Asunto: Invitación: Conferencia de diseño UX. El Pascual Bravo invita a toda la comunidad estudiantil a la conferencia 'Transformación digital en la industria' el jueves 17 de septiembre a las 2:00 AM en el auditorio principal.","evento"
"Asunto: Feria de prácticas profesionales. La oficina de Extensión invita a la Feria de Prácticas Profesionales 2027 con la participación de empresas como Ecopetrol, Tigo y otras.","evento"
"Asunto: Hackathon Pascual Bravo 2026. Se abren inscripciones para el Hackathon institucional. Premios para los tres primeros lugares. Fecha: 23 y 20 de marzo.","evento"
"Asunto: Inicio de matrículas 2026-2. La oficina de Registro y Control Académico informa que las matrículas para el periodo 2026-2 inician el 22 de enero.","anuncio"
"Asunto: Nota disponible Circuitos Eléctricos II. Tu nota del trabajo de Circuitos Eléctricos II ya fue cargada. Consulta en Microsoft Teams. Si tienes inquietudes, contacta al profesor Paula Andrea Cano.","nota"
"Asunto: Nota disponible Diseño Industrial I. Tu nota del trabajo de Diseño Industrial I ya fue cargada. Consulta en Microsoft Teams. Si tienes inquietudes, contacta al profesor Hernán Darío Pérez.","nota"
"Asunto: Selección lista de honor. Hemos publicado la lista de honor del semestre y usted aparece en ella. Felicitaciones por su excelencia académica.","logro"
"Asunto: Evento de bienvenida primer semestre. La Institución da la bienvenida a los nuevos estudiantes el próximo martes con actividades de integración.","evento"
"Asunto: Torneo deportivo interfacultades. Inscripciones abiertas para el torneo deportivo interfacultades en disciplinas como fútbol, voleibol y tenis de mesa.","evento"
"Asunto: Movilidad estudiantil internacional. La Institución informa que la convocatoria de movilidad estudiantil hacia Holanda para el semestre 2026-2 ya está abierta.","intercambio"
"Asunto: Horario biblioteca extendido. Durante temporada de exámenes, la biblioteca extiende su horario hasta las 10 PM de lunes a viernes.","otro"
"Asunto: Becas para estudios en exterior. Convocatorias internacionales 2026: estudios de posgrado en Francia. Información completa en la oficina de Internacionalización.","intercambio"
"Asunto: Inicio de matrículas 2026-2. La oficina de Registro y Control Académico informa que las matrículas para el periodo 2026-2 inician el 22 de abril.","anuncio"
"Asunto: Pasantía en el extranjero. La oficina de Internacionalización ofrece pasantías profesionales en empresas de México para estudiantes en último semestre.","intercambio"
"Asunto: Práctica de laboratorio Desarrollo Web. Estudiantes, para la próxima sesión de Desarrollo Web deben traer el preinforme de la práctica 8 sobre POO. Sin preinforme no se permite el ingreso al laboratorio.","tarea"
"Asunto: Programa de intercambio con Múnich. Estudiantes de Tecnología en Producción Industrial, abierta convocatoria de intercambio con la Universidad de Múnich. No requiere intermediario.","intercambio"
"Asunto: Hackathon Pascual Bravo 2027. Se abren inscripciones para el Hackathon institucional. Premios para los tres primeros lugares. Fecha: 12 y 28 de julio.","evento"
"Asunto: Programa Erasmus+ 2027. Convocatoria abierta para movilidad académica en universidades europeas mediante el programa Erasmus+. Cupos limitados.","intercambio"
"Asunto: Aviso importante - Pagos. Recordatorio: el plazo para el pago de matrícula del periodo 2027-1 vence el 15 de agosto.","anuncio"
"Asunto: Cuestionario Máquinas Eléctricas. Cuestionario disponible en Moodle sobre los temas de estadística inferencial. Fecha límite: lunes a las 11:59 PM.","tarea"
"Asunto: Notas práctica laboratorio. Las calificaciones de las prácticas de laboratorio de Diseño Mecánico fueron publicadas en SICAU.","nota"
"Asunto: Feria de prácticas profesionales. La oficina de Extensión invita a la Feria de Prácticas Profesionales 2027 con la participación de empresas como Bancolombia, Globant y otras.","evento"
"Asunto: Encuesta evaluación docente. Recordatorio: evalúe a sus docentes en SICAU antes del cierre del semestre. Es requisito para ver sus notas.","otro"
"Asunto: Conferencia magistral - internet de las cosas. Conferencia magistral con expositor invitado de Ecopetrol. Tema: 'Ingeniería para la sostenibilidad'. Cupo limitado.","evento"
"Asunto: Atención psicológica gratuita. Bienestar Universitario ofrece atención psicológica gratuita a estudiantes. Solicita tu cita en la oficina.","otro"
"Asunto: Resultado parcial Diseño Mecánico. Estudiante, el resultado de tu parcial 1 de Diseño Mecánico ya está cargado. Profesor Natalia Zapata.","nota"
"Asunto: Programa de intercambio con Roma. Estudiantes de Ingeniería Mecánica, abierta convocatoria de intercambio con la Universidad de Roma. No requiere intermediario.","intercambio"
"Asunto: Actividad pendiente en Moodle. Se le recuerda que tiene actividades pendientes por entregar en Inglés I. Por favor revisar el cronograma actualizado.","tarea"
"Asunto: Reporte de notas semestre. El reporte oficial de notas del semestre ya está disponible para descarga en el portal estudiantil.","nota"
"Asunto: Suspensión de clases. La Institución Universitaria Pascual Bravo informa que el día sábado 9 de agosto no habrá actividades académicas debido a celebración del día del maestro. Las clases se reprogramarán.","anuncio"
"Asunto: Informe de laboratorio Inglés II. Profesor Catalina Ospina solicita el informe de la práctica 5 antes del 21 de julio. Formato APA, máximo 10 páginas.","tarea"
"Asunto: Beca de excelencia otorgada. Felicitaciones, ha sido seleccionado como beneficiario de la beca de excelencia académica del Pascual Bravo para el periodo 2025-2.","logro"
"Asunto: Evento de bienvenida primer semestre. La Institución da la bienvenida a los nuevos estudiantes el próximo martes con actividades de integración.","evento"
"Asunto: Horario biblioteca extendido. Durante temporada de exámenes, la biblioteca extiende su horario hasta las 10 PM de lunes a viernes.","otro"
"Asunto: Premio mejor estudiante carrera. Ha sido nombrado mejor estudiante de Diseño Industrial del semestre. La ceremonia de entrega será el 9 de junio.","logro"
"Asunto: Reciclaje campus. Únete al programa de reciclaje del Pascual Bravo. Puntos ecológicos disponibles en todos los bloques.","otro"
"Asunto: Cuestionario Mecánica de Materiales. Cuestionario disponible en Moodle sobre los temas de circuitos RLC. Fecha límite: miércoles a las 11:59 PM.","tarea"
"Asunto: Notas sustentación proyecto. Las notas de la sustentación del proyecto integrador fueron publicadas por el profesor Diego Alejandro Muñoz.","nota"
"Asunto: Doble titulación con universidad de España. Nueva oportunidad: programa de doble titulación con la Universidad de Múnich en España. Reuniones informativas próximamente.","intercambio"
"Asunto: Suspensión de clases. La Institución Universitaria Pascual Bravo informa que el día lunes 23 de febrero no habrá actividades académicas debido a celebración del día del maestro. Las clases se reprogramarán.","anuncio"
"Asunto: Mención honorífica. El consejo académico le otorga mención honorífica por su trabajo de grado titulado 'Diseño de prótesis 3D'.","logro"
"Asunto: Calificación proyecto final. Tu nota del proyecto final de Inglés I ya está disponible. Comentarios y retroalimentación en Moodle.","nota"
"Asunto: Aviso seguridad campus. La oficina de Seguridad informa nuevas medidas de control de acceso al campus. Es obligatorio portar el carné estudiantil.","anuncio"
"Asunto: Reciclaje campus. Únete al programa de reciclaje del Pascual Bravo. Puntos ecológicos disponibles en todos los bloques.","otro"
"Asunto: Comunicado rectoral. Apreciada comunidad universitaria, el rector se permite informar nuevas disposiciones institucionales para el semestre 2026-1.","anuncio"
"Asunto: Feria del libro académico. Se realizará la Feria del Libro Académico con descuentos especiales en libros técnicos y de ingeniería.","evento"
"Asunto: Calificación examen final. Puedes consultar tu nota del examen final de Mecánica de Materiales en el portal estudiantil. Cualquier reclamación debe radicarse antes del 6 de diciembre.","nota"
"Asunto: Corrección de nota Automatización Industrial. Tu nota del parcial 1 de Automatización Industrial fue corregida tras la reclamación. Nueva calificación disponible en SICAU.","nota"
"Asunto: Informe de laboratorio Procesos de Manufactura. Profesor Beatriz Elena Ruiz solicita el informe de la práctica 5 antes del 20 de enero. Formato APA, máximo 10 páginas.","tarea"
"Asunto: Entrega proyecto integrador. Recordatorio importante: la primera entrega del proyecto integrador de Constitución Política es este jueves 9 de abril. Subir avance en Microsoft Teams.","tarea"
"Asunto: Entrega informe final Cálculo I. Profesor Claudia Patricia Henao recuerda que el informe final debe entregarse impreso y digital antes del 4 de agosto.","tarea"
"Asunto: Beca de excelencia otorgada. Felicitaciones, ha sido seleccionado como beneficiario de la beca de excelencia académica del Pascual Bravo para el periodo 2026-2.","logro"
"Asunto: Pasantía investigación exterior. Convocatoria de pasantías de investigación en Brasil para estudiantes de últimos semestres de ingeniería.","intercambio"
"Asunto: Cambio de horario. Comunicado oficial: el horario de Automatización Industrial cambia a partir de la próxima semana. Nuevo horario: miércoles de 7:00 AM a 1:00 PM.","anuncio"
"Asunto: Felicitaciones por excelencia académica. Estimado estudiante, en nombre del consejo académico le felicitamos por obtener el mejor promedio del semestre en Tecnología Mecánica. Su esfuerzo es ejemplar.","logro"
"Asunto: Conferencia magistral - internet de las cosas. Conferencia magistral con expositor invitado de Argos. Tema: 'El futuro de la IA en Colombia'. Cupo limitado.","evento"
"Asunto: Cuestionario Física I. Cuestionario disponible en Microsoft Teams sobre los temas de fluidos. Fecha límite: jueves a las 11:59 PM.","tarea"
"Asunto: Beca completa estudios exterior. Convocatoria para beca completa de estudios en universidades de México. Cubre matrícula, manutención y tiquetes.","intercambio"
"Asunto: Requisitos de grado actualizados. Los requisitos para optar al título de Tecnología en Sistematización de Datos han sido actualizados. Consulta los nuevos lineamientos en la oficina de Registro.","anuncio"
"Asunto: Suspensión de clases. La Institución Universitaria Pascual Bravo informa que el día martes 16 de junio no habrá actividades académicas debido a mantenimiento general. Las clases se reprogramarán.","anuncio"
"Asunto: Calificación habilitación Emprendimiento. Estudiante, tu calificación de la habilitación de Emprendimiento fue publicada. Consulta SICAU.","nota"
"Asunto: Cambio de modalidad clases. Las clases de Resistencia de Materiales pasan a modalidad virtual a partir del 18 de junio hasta nuevo aviso.","anuncio"
"Asunto: Nota disponible Hidráulica y Neumática. Tu nota del trabajo de Hidráulica y Neumática ya fue cargada. Consulta en el portal estudiantil. Si tienes inquietudes, contacta al profesor Ricardo Mejía.","nota"
"Asunto: Resultado quiz Programación I. El profesor Ana Maria Gómez publicó las notas del quiz 4 en Google Classroom. Revisa tu calificación.","nota"
"Asunto: Nueva política de asistencia. La facultad informa que se aplicará nueva política de asistencia. La inasistencia superior al 20% causa pérdida automática de la materia.","anuncio"
"Asunto: Lectura obligatoria Estadística. Para la próxima clase de Estadística con el profesor Natalia Zapata, deben haber leído el capítulo 7 sobre circuitos RLC. Habrá control de lectura.","tarea"
"Asunto: Beca completa estudios exterior. Convocatoria para beca completa de estudios en universidades de México. Cubre matrícula, manutención y tiquetes.","intercambio"
"Asunto: Cierre temporal SICAU. El sistema SICAU estará en mantenimiento el lunes de 10:00 AM a 1:00 PM. Lamentamos los inconvenientes.","anuncio"
"Asunto: Material disponible biblioteca. Nuevo material bibliográfico disponible sobre alimentación saludable en la biblioteca. Aprovecha estos recursos para tus proyectos.","otro"
"Asunto: Artículo aceptado revista. El artículo que envió como autor estudiantil fue aceptado para publicación en la revista institucional.","logro"
"Asunto: Quiz programado Metodología de Diseño. Recordatorio: el próximo viernes se realizará el quiz 8 de Metodología de Diseño. Temas a evaluar: derivadas. Material de apoyo disponible en el portal estudiantil.","tarea"
"Asunto: Selección representante. Ha sido seleccionado para representar al Pascual Bravo en el congreso nacional de estudiantes de ingeniería. Felicitaciones.","logro"
"Asunto: Atención psicológica gratuita. Bienestar Universitario ofrece atención psicológica gratuita a estudiantes. Solicita tu cita en la oficina.","otro"
"Asunto: Notas talleres Ergonomía. El profesor Beatriz Elena Ruiz cargó las notas de los talleres del semestre. Revísalas en SICAU.","nota"
"Asunto: Taller 8 - Física II. Buenas tardes, en Moodle encuentran el taller número 8 correspondiente a la unidad de redes neuronales. Entrega individual antes del miércoles 14 de julio.","tarea"
"Asunto: Material disponible biblioteca. Nuevo material bibliográfico disponible sobre uso de plataformas digitales en la biblioteca. Aprovecha estos recursos para tus proyectos.","otro"
"Asunto: Notas finales Inglés II. Las notas finales de Inglés II ya están disponibles en SICAU. Plazo para reclamos: 3 días hábiles después de la publicación.","nota"
"Asunto: Calificación proyecto final. Tu nota del proyecto final de Resistencia de Materiales ya está disponible. Comentarios y retroalimentación en Google Classroom.","nota"
"Asunto: Coloquio de investigación. Estudiantes investigadores presentarán sus proyectos en el coloquio anual. lunes 2 de septiembre, auditorio menor.","evento"
"Asunto: Beca de excelencia otorgada. Felicitaciones, ha sido seleccionado como beneficiario de la beca de excelencia académica del Pascual Bravo para el periodo 2026-1.","logro"
"Asunto: Atención psicológica gratuita. Bienestar Universitario ofrece atención psicológica gratuita a estudiantes. Solicita tu cita en la oficina.","otro"
"Asunto: Becas para estudios en exterior. Convocatorias internacionales 2026: estudios de posgrado en Chile. Información completa en la oficina de Internacionalización.","intercambio"
"Asunto: Nota disponible Dibujo Técnico. Tu nota del trabajo de Dibujo Técnico ya fue cargada. Consulta en Microsoft Teams. Si tienes inquietudes, contacta al profesor Oscar Mauricio Ramírez.","nota"
"Asunto: Actualización datos personales. Le solicitamos actualizar sus datos personales en SICAU. Es requisito para continuar el proceso académico del próximo semestre.","otro"
"Asunto: Nueva tarea en Moodle - Cálculo II. Apreciado estudiante, el docente Claudia Patricia Henao ha publicado una nueva actividad para la materia Cálculo II. Fecha límite de entrega: martes 27 de marzo. Por favor revisar la guía adjunta.","tarea"
"Asunto: Resultado quiz Programación I. El profesor Catalina Ospina publicó las notas del quiz 4 en Canvas. Revisa tu calificación.","nota"
"Asunto: Notas práctica laboratorio. Las calificaciones de las prácticas de laboratorio de Estadística fueron publicadas en Google Classroom.","nota"
"Asunto: Reporte de notas semestre. El reporte oficial de notas del semestre ya está disponible para descarga en el portal estudiantil.","nota"
"Asunto: Recolección de firmas. Se está recolectando firmas para una propuesta estudiantil sobre deportes universitarios. Apoye en la oficina del consejo estudiantil.","otro"
"Asunto: Recordatorio entrega Bases de Datos. Recuerda que la entrega del taller 7 de Bases de Datos vence este miércoles. Sube tu trabajo en Canvas antes de las 11:59 PM. Atentamente, Paula Andrea Cano.","tarea"
"Asunto: Cambio de aula Ingeniería de Software. La clase de Ingeniería de Software con el profesor Mónica Bedoya se traslada al aula A209 a partir de la próxima sesión.","anuncio"
"Asunto: Activación cuenta egresados. Estimado próximo egresado, active su cuenta de egresado para acceder a beneficios exclusivos.","otro"
"Asunto: Rueda de negocios estudiantil. Oportunidad para estudiantes emprendedores: rueda de negocios con inversionistas el 25 de febrero.","evento"
"Asunto: Convocatoria gobierno Francia. El gobierno de Francia ofrece becas para estudios de pregrado. Beneficiarios: estudiantes con promedio superior a 4.0.","intercambio"
"Asunto: Resultado examen supletorio. El resultado del examen supletorio de Estructuras de Datos ya fue cargado al sistema académico.","nota"
"Asunto: Actualización reglamento estudiantil. La Vicerrectoría Académica comunica modificaciones al reglamento estudiantil. Vigencia desde 25 de agosto.","anuncio"
"Asunto: Notas talleres Algebra Lineal. El profesor Ana Maria Gómez cargó las notas de los talleres del semestre. Revísalas en SICAU.","nota"
"Asunto: Taller 5 - Sistemas de Potencia. Buenas tardes, en Microsoft Teams encuentran el taller número 5 correspondiente a la unidad de estadística inferencial. Entrega individual antes del miércoles 6 de junio.","tarea"
"Asunto: Entrega informe final Investigación de Operaciones. Profesor Diego Alejandro Muñoz recuerda que el informe final debe entregarse impreso y digital antes del 4 de noviembre.","tarea"
"Asunto: Día de la Innovación. Muestra de proyectos estudiantiles innovadores. 8 de mayo, plazoleta principal del campus.","evento"
"Asunto: Informe de laboratorio Cálculo III. Profesor Ricardo Mejía solicita el informe de la práctica 6 antes del 14 de noviembre. Formato APA, máximo 10 páginas.","tarea"
"Asunto: Selección representante. Ha sido seleccionado para representar al Pascual Bravo en el congreso nacional de estudiantes de ingeniería. Felicitaciones.","logro"
"Asunto: Parcial 2 Inglés I. El segundo parcial de Inglés I será el viernes 7 de febrero. Temas: fluidos. Llevar calculadora y documento de identidad.","tarea"
"Asunto: Artículo aceptado revista. El artículo que envió como autor estudiantil fue aceptado para publicación en la revista institucional.","logro"
"Asunto: Cambio de aula Inglés III. La clase de Inglés III con el profesor Andrés Felipe Quintero se traslada al aula B266 a partir de la próxima sesión.","anuncio"
"Asunto: Entrega informe final Física I. Profesor Andrés Felipe Quintero recuerda que el informe final debe entregarse impreso y digital antes del 13 de mayo.","tarea"
"Asunto: Calificación publicada - Termodinámica. Se ha publicado tu calificación del parcial 2 de Termodinámica. Puedes consultarla ingresando a SICAU con tu usuario institucional.","nota"
"Asunto: Cierre temporal SICAU. El sistema SICAU estará en mantenimiento el lunes de 9:00 AM a 5:00 PM. Lamentamos los inconvenientes.","anuncio"
"Asunto: Notas finales Programación I. Las notas finales de Programación I ya están disponibles en SICAU. Plazo para reclamos: 3 días hábiles después de la publicación.","nota"
"Asunto: Comunicado rectoral. Apreciada comunidad universitaria, el rector se permite informar nuevas disposiciones institucionales para el semestre 2026-1.","anuncio"
"Asunto: Movilidad académica con MIT. Oportunidad única: programa de movilidad académica con el MIT. Selección por mérito académico y nivel de inglés.","intercambio"
"Asunto: Encuesta evaluación docente. Recordatorio: evalúe a sus docentes en SICAU antes del cierre del semestre. Es requisito para ver sus notas.","otro"
"Asunto: Encuesta evaluación docente. Recordatorio: evalúe a sus docentes en SICAU antes del cierre del semestre. Es requisito para ver sus notas.","otro"
"Asunto: Programa Erasmus+ 2026. Convocatoria abierta para movilidad académica en universidades europeas mediante el programa Erasmus+. Cupos limitados.","intercambio"
"Asunto: Solicitud certificado. Para solicitar tu certificado de notas, ingresa a SICAU y radica la solicitud. Tiempo de respuesta: 5 días hábiles.","otro"
"Asunto: Reporte de notas semestre. El reporte oficial de notas del semestre ya está disponible para descarga en el portal estudiantil.","nota"
"Asunto: Calificación proyecto final. Tu nota del proyecto final de Machine Learning ya está disponible. Comentarios y retroalimentación en el portal estudiantil.","nota"
"Asunto: Felicitaciones graduación con honores. Estimado estudiante, lo felicitamos por culminar sus estudios de Ingeniería Mecánica con honores académicos.","logro"
"Asunto: Mantenimiento del campus. El bloque B estará cerrado el miércoles por mantenimiento eléctrico. Las clases se trasladarán al bloque B.","anuncio"
"Asunto: Promedio acumulado actualizado. Tu promedio acumulado fue actualizado tras el cierre del periodo. Consulta tu situación académica en SICAU.","nota"
"Asunto: Activación cuenta egresados. Estimado próximo egresado, active su cuenta de egresado para acceder a beneficios exclusivos.","otro"
"Asunto: Nota disponible Algebra Lineal. Tu nota del trabajo de Algebra Lineal ya fue cargada. Consulta en Microsoft Teams. Si tienes inquietudes, contacta al profesor Ricardo Mejía.","nota"
"Asunto: Programa de intercambio con Toronto. Estudiantes de Tecnología en Sistematización de Datos, abierta convocatoria de intercambio con la Universidad de Toronto. No requiere intermediario.","intercambio"
"Asunto: Entrega proyecto integrador. Recordatorio importante: la primera entrega del proyecto integrador de Machine Learning es este martes 25 de junio. Subir avance en Canvas.","tarea"
"Asunto: Nota disponible Algebra Lineal. Tu nota del trabajo de Algebra Lineal ya fue cargada. Consulta en Microsoft Teams. Si tienes inquietudes, contacta al profesor Sebastián Arango.","nota"
"Asunto: Torneo deportivo interfacultades. Inscripciones abiertas para el torneo deportivo interfacultades en disciplinas como fútbol, voleibol y tenis de mesa.","evento"
"Asunto: Entrega proyecto integrador. Recordatorio importante: la primera entrega del proyecto integrador de Machine Learning es este miércoles 12 de noviembre. Subir avance en Canvas.","tarea"
"Asunto: Reconocimiento académico. La Institución Universitaria Pascual Bravo le reconoce como estudiante destacado del periodo 2026-1 por su excelente rendimiento.","logro"
"Asunto: Modificación calendario académico. El calendario académico fue modificado. Nueva fecha de finalización del semestre: 6 de noviembre.","anuncio"
"Asunto: Práctica de laboratorio Máquinas Eléctricas. Estudiantes, para la próxima sesión de Máquinas Eléctricas deben traer el preinforme de la práctica 7 sobre modelado entidad-relación. Sin preinforme no se permite el ingreso al laboratorio.","tarea"
"Asunto: Tarea Moodle - Circuitos Eléctricos I. Se habilitó en Moodle la tarea sobre modelado entidad-relación. Tienen hasta el sábado para resolverla. Solo un intento permitido.","tarea"
"Asunto: Felicitaciones graduación con honores. Estimado estudiante, lo felicitamos por culminar sus estudios de Tecnología en Sistematización de Datos con honores académicos.","logro"
"Asunto: Cierre temporal SICAU. El sistema SICAU estará en mantenimiento el sábado de 9:00 AM a 4:00 PM. Lamentamos los inconvenientes.","anuncio"
"Asunto: Notas sustentación proyecto. Las notas de la sustentación del proyecto integrador fueron publicadas por el profesor Oscar Mauricio Ramírez.","nota"
"Asunto: Movilidad académica con MIT. Oportunidad única: programa de movilidad académica con el MIT. Selección por mérito académico y nivel de inglés.","intercambio"
"Asunto: Nueva política de asistencia. La facultad informa que se aplicará nueva política de asistencia. La inasistencia superior al 20% causa pérdida automática de la materia.","anuncio"
"Asunto: Evento cultural - Festival de música. La oficina de Bienestar invita al Festival de Música del Pascual Bravo. Bandas estudiantiles, entrada libre.","evento"
"Asunto: Felicitaciones - Premio innovación. Su proyecto 'Sensor inteligente' ha sido seleccionado como ganador del premio a la innovación estudiantil. Felicitaciones.","logro"
"Asunto: Comunicado rectoral. Apreciada comunidad universitaria, el rector se permite informar nuevas disposiciones institucionales para el semestre 2026-2.","anuncio"
"Asunto: Convocatoria intercambio académico Francia. La oficina de Internacionalización del Pascual Bravo invita a participar en la convocatoria de intercambio con universidades de Francia para el periodo 2026-2.","intercambio"
"Asunto: Primer lugar concurso. Su equipo obtuvo el primer lugar en el concurso de investigación representando a la institución. Felicitaciones.","logro"
"Asunto: Inicio de matrículas 2027-1. La oficina de Registro y Control Académico informa que las matrículas para el periodo 2027-1 inician el 22 de octubre.","anuncio"
"Asunto: Beca completa estudios exterior. Convocatoria para beca completa de estudios en universidades de Japón. Cubre matrícula, manutención y tiquetes.","intercambio"
"Asunto: Movilidad académica con MIT. Oportunidad única: programa de movilidad académica con el MIT. Selección por mérito académico y nivel de inglés.","intercambio"
"Asunto: Requisitos de grado actualizados. Los requisitos para optar al título de Tecnología en Sistematización de Datos han sido actualizados. Consulta los nuevos lineamientos en la oficina de Registro.","anuncio"
"Asunto: Beca ICETEX-internacional disponible. Se encuentra abierta la convocatoria para la beca ICETEX-internacional dirigida a estudiantes destacados que deseen estudiar en Alemania. Plazo: 16 de septiembre.","intercambio"
"Asunto: Corrección de nota Metodología de Diseño. Tu nota del parcial 3 de Metodología de Diseño fue corregida tras la reclamación. Nueva calificación disponible en SICAU.","nota"
"Asunto: Renovación de carné. Se recuerda a los estudiantes que deben renovar su carné estudiantil en la oficina de Bienestar antes del 12 de agosto.","anuncio"
"Asunto: Lectura obligatoria Investigación de Operaciones. Para la próxima clase de Investigación de Operaciones con el profesor Alexander Marín, deben haber leído el capítulo 6 sobre termodinámica. Habrá control de lectura.","tarea"
"Asunto: Cambio contraseña institucional. Por seguridad, debe cambiar su contraseña del correo institucional cada 90 días. Plazo: 9 de diciembre.","otro"
"Asunto: Notas finales Química General. Las notas finales de Química General ya están disponibles en SICAU. Plazo para reclamos: 3 días hábiles después de la publicación.","nota"
"Asunto: Oportunidad doble titulación. Programa de doble titulación con la Universidad Politécnica de Milán. Requisitos en la oficina de Relaciones Internacionales.","intercambio"
"Asunto: Corrección de nota Procesos de Manufactura. Tu nota del parcial 2 de Procesos de Manufactura fue corregida tras la reclamación. Nueva calificación disponible en SICAU.","nota"
"Asunto: Calificación publicada - Programación I. Se ha publicado tu calificación del parcial 1 de Programación I. Puedes consultarla ingresando a SICAU con tu usuario institucional.","nota"
"Asunto: Cambio de aula Inglés II. La clase de Inglés II con el profesor Sandra Milena López se traslada al aula B130 a partir de la próxima sesión.","anuncio"
"Asunto: Inicio de matrículas 2026-2. La oficina de Registro y Control Académico informa que las matrículas para el periodo 2026-2 inician el 13 de septiembre.","anuncio"
"Asunto: Felicitaciones por excelencia académica. Estimado estudiante, en nombre del consejo académico le felicitamos por obtener el mejor promedio del semestre en Tecnología Eléctrica. Su esfuerzo es ejemplar.","logro"
"Asunto: Felicitaciones - Premio innovación. Su proyecto 'Sistema de monitoreo IoT' ha sido seleccionado como ganador del premio a la innovación estudiantil. Felicitaciones.","logro"
"Asunto: Seguimiento egresado. Si eres próximo a graduarte, completa el formulario de seguimiento de egresados. Es muy importante para la institución.","otro"
"Asunto: Nuevo menú cafetería. Te invitamos a conocer el nuevo menú de la cafetería universitaria. Opciones saludables y económicas para estudiantes.","otro"
"Asunto: Día de la Innovación. Muestra de proyectos estudiantiles innovadores. 12 de julio, plazoleta principal del campus.","evento"
"Asunto: Calificación proyecto final. Tu nota del proyecto final de Metodología de Diseño ya está disponible. Comentarios y retroalimentación en Microsoft Teams.","nota"
"Asunto: Entrega proyecto integrador. Recordatorio importante: la primera entrega del proyecto integrador de Programación II es este lunes 14 de julio. Subir avance en el portal estudiantil.","tarea"
"Asunto: Quiz programado Inglés III. Recordatorio: el próximo viernes se realizará el quiz 1 de Inglés III. Temas a evaluar: estadística inferencial. Material de apoyo disponible en el portal estudiantil.","tarea"
"Asunto: Pasantía en el extranjero. La oficina de Internacionalización ofrece pasantías profesionales en empresas de Estados Unidos para estudiantes en último semestre.","intercambio"
"Asunto: Curso de verano internacional. Cursos de verano en universidades de Canadá con créditos homologables. Oportunidad de movilidad corta.","intercambio"
"Asunto: Rueda de negocios estudiantil. Oportunidad para estudiantes emprendedores: rueda de negocios con inversionistas el 2 de octubre.","evento"
"Asunto: Foro académico robótica. La facultad de ingenierías organiza foro académico sobre robótica. Participación de docentes y estudiantes invitados.","evento"
"Asunto: Lectura obligatoria Desarrollo Web. Para la próxima clase de Desarrollo Web con el profesor Mauricio Cardona, deben haber leído el capítulo 4 sobre POO. Habrá control de lectura.","tarea"
"Asunto: Comunicado rectoral. Apreciada comunidad universitaria, el rector se permite informar nuevas disposiciones institucionales para el semestre 2026-2.","anuncio"
"Asunto: Notas finales Ergonomía. Las notas finales de Ergonomía ya están disponibles en SICAU. Plazo para reclamos: 3 días hábiles después de la publicación.","nota"
"Asunto: Actualización reglamento estudiantil. La Vicerrectoría Académica comunica modificaciones al reglamento estudiantil. Vigencia desde 22 de julio.","anuncio"
"Asunto: Inauguración laboratorio. Acto de inauguración del nuevo laboratorio de energías renovables. Asistencia de directivos, docentes y estudiantes destacados.","evento"
"Asunto: Resultado parcial Cálculo III. Estudiante, el resultado de tu parcial 2 de Cálculo III ya está cargado. Profesor Diego Alejandro Muñoz.","nota"
"Asunto: Cierre temporal SICAU. El sistema SICAU estará en mantenimiento el viernes de 8:00 AM a 1:00 PM. Lamentamos los inconvenientes.","anuncio"
"Asunto: Nueva tarea en Microsoft Teams - Automatización Industrial. Apreciado estudiante, el docente Mauricio Cardona ha publicado una nueva actividad para la materia Automatización Industrial. Fecha límite de entrega: martes 13 de septiembre. Por favor revisar la guía adjunta.","tarea"
"Asunto: Nueva tarea en Moodle - Redes de Computadores. Apreciado estudiante, el docente Jorge Iván Salazar ha publicado una nueva actividad para la materia Redes de Computadores. Fecha límite de entrega: martes 25 de marzo. Por favor revisar la guía adjunta.","tarea"
"Asunto: Proyecto seleccionado expo. Su proyecto integrador fue seleccionado entre los mejores del semestre y será expuesto en la muestra institucional.","logro"
"Asunto: Taller práctico automatización. La facultad organiza taller práctico de automatización dirigido por Luisa Fernanda Ríos. Cupos limitados, inscripción previa requerida.","evento"
"Asunto: Hackathon Pascual Bravo 2026. Se abren inscripciones para el Hackathon institucional. Premios para los tres primeros lugares. Fecha: 16 y 8 de junio.","evento"
"Asunto: Notas finales Electrónica Digital. Las notas finales de Electrónica Digital ya están disponibles en SICAU. Plazo para reclamos: 3 días hábiles después de la publicación.","nota"
"Asunto: Suspensión de clases. La Institución Universitaria Pascual Bravo informa que el día lunes 28 de marzo no habrá actividades académicas debido a celebración del día del maestro. Las clases se reprogramarán.","anuncio"
"Asunto: Donación libros biblioteca. La biblioteca recibe donaciones de libros académicos. Si tienes textos en buen estado, contáctanos.","otro"
"Asunto: Doble titulación con universidad de Argentina. Nueva oportunidad: programa de doble titulación con la Universidad de Múnich en Argentina. Reuniones informativas próximamente.","intercambio"
"Asunto: Workshop automatización. Workshop intensivo de automatización con casos reales del sector. Sábado 21 de marzo, de 8 AM a 5 PM.","evento"
"Asunto: Actualización reglamento estudiantil. La Vicerrectoría Académica comunica modificaciones al reglamento estudiantil. Vigencia desde 5 de diciembre.","anuncio"
"Asunto: Día de la Innovación. Muestra de proyectos estudiantiles innovadores. 15 de enero, plazoleta principal del campus.","evento"
"Asunto: Promedio acumulado actualizado. Tu promedio acumulado fue actualizado tras el cierre del periodo. Consulta tu situación académica en SICAU.","nota"
"Asunto: Felicitaciones graduación con honores. Estimado estudiante, lo felicitamos por culminar sus estudios de Ingeniería Mecánica con honores académicos.","logro"
"Asunto: Entrega proyecto integrador. Recordatorio importante: la primera entrega del proyecto integrador de Cálculo II es este miércoles 22 de noviembre. Subir avance en Microsoft Teams.","tarea"
"Asunto: Entrega proyecto integrador. Recordatorio importante: la primera entrega del proyecto integrador de Modelado 3D es este jueves 19 de abril. Subir avance en Google Classroom.","tarea"
"Asunto: Renovación carné estudiantil. Recordatorio: tu carné estudiantil vence pronto. Acércate a la oficina de Bienestar para renovarlo.","otro"
"Asunto: Cuestionario Automatización Industrial. Cuestionario disponible en el portal estudiantil sobre los temas de fluidos. Fecha límite: miércoles a las 11:59 PM.","tarea"
"Asunto: Corrección de nota Química General. Tu nota del parcial 2 de Química General fue corregida tras la reclamación. Nueva calificación disponible en SICAU.","nota"
"Asunto: Resultado examen supletorio. El resultado del examen supletorio de Gestión de Proyectos ya fue cargado al sistema académico.","nota"
"Asunto: Cierre temporal SICAU. El sistema SICAU estará en mantenimiento el sábado de 9:00 AM a 5:00 PM. Lamentamos los inconvenientes.","anuncio"
"Asunto: Beca de excelencia otorgada. Felicitaciones, ha sido seleccionado como beneficiario de la beca de excelencia académica del Pascual Bravo para el periodo 2026-2.","logro"
"Asunto: Beca DAAD para Alemania. La beca DAAD ofrece la posibilidad de estudiar un semestre en universidades alemanas. Postulaciones hasta el 23 de julio.","intercambio"
"Asunto: Feria del libro académico. Se realizará la Feria del Libro Académico con descuentos especiales en libros técnicos y de ingeniería.","evento"
"Asunto: Nueva política de asistencia. La facultad informa que se aplicará nueva política de asistencia. La inasistencia superior al 20% causa pérdida automática de la materia.","anuncio"
"Asunto: Requisitos de grado actualizados. Los requisitos para optar al título de Diseño Industrial han sido actualizados. Consulta los nuevos lineamientos en la oficina de Registro.","anuncio"
"Asunto: Corrección de nota Hidráulica y Neumática. Tu nota del parcial 1 de Hidráulica y Neumática fue corregida tras la reclamación. Nueva calificación disponible en SICAU.","nota"
"Asunto: Conferencia magistral - robótica. Conferencia magistral con expositor invitado de ISA. Tema: 'Mujeres en STEM'. Cupo limitado.","evento"
"Asunto: Programa Erasmus+ 2026. Convocatoria abierta para movilidad académica en universidades europeas mediante el programa Erasmus+. Cupos limitados.","intercambio"
"Asunto: Trabajo final Redes de Computadores. Estudiantes del grupo G2B, se ha asignado el trabajo final de Redes de Computadores. Es en grupos de máximo 3 personas. Plazo de entrega: 7 de octubre. Pesos: 30% de la nota definitiva.","tarea"
"Asunto: Hackathon Pascual Bravo 2026. Se abren inscripciones para el Hackathon institucional. Premios para los tres primeros lugares. Fecha: 10 y 11 de febrero.","evento"
"Asunto: Calificación examen final. Puedes consultar tu nota del examen final de Emprendimiento en el portal estudiantil. Cualquier reclamación debe radicarse antes del 12 de septiembre.","nota"
"Asunto: Cambio plan estudios. Recordatorio: si cambiaste de plan de estudios, valida tus materias en la oficina de Registro y Control.","otro"
"Asunto: Programa de tutorías. La oficina de Bienestar ofrece tutorías gratuitas en Metodología de Diseño. Inscríbete antes del 25 de agosto.","otro"
"Asunto: Feria del libro académico. Se realizará la Feria del Libro Académico con descuentos especiales en libros técnicos y de ingeniería.","evento"
"Asunto: Cuestionario Desarrollo Web. Cuestionario disponible en el portal estudiantil sobre los temas de integrales. Fecha límite: sábado a las 11:59 PM.","tarea"
"Asunto: Programa de intercambio con Ciudad de México. Estudiantes de Diseño Industrial, abierta convocatoria de intercambio con la Universidad de Ciudad de México. No requiere intermediario.","intercambio"
"Asunto: Evento de bienvenida primer semestre. La Institución da la bienvenida a los nuevos estudiantes el próximo jueves con actividades de integración.","evento"
"Asunto: Trabajo final Automatización Industrial. Estudiantes del grupo G5B, se ha asignado el trabajo final de Automatización Industrial. Es en grupos de máximo 3 personas. Plazo de entrega: 13 de julio. Pesos: 30% de la nota definitiva.","tarea"
"Asunto: Entrega informe final Programación II. Profesor Hernán Darío Pérez recuerda que el informe final debe entregarse impreso y digital antes del 5 de septiembre.","tarea"
"Asunto: Entrega informe final Termodinámica. Profesor Alexander Marín recuerda que el informe final debe entregarse impreso y digital antes del 14 de marzo.","tarea"
"Asunto: Notas práctica laboratorio. Las calificaciones de las prácticas de laboratorio de Circuitos Eléctricos I fueron publicadas en Moodle.","nota"
"Asunto: Evento cultural - Festival de música. La oficina de Bienestar invita al Festival de Música del Pascual Bravo. Bandas estudiantiles, entrada libre.","evento"
"Asunto: Modificación calendario académico. El calendario académico fue modificado. Nueva fecha de finalización del semestre: 23 de febrero.","anuncio"
"Asunto: Evento cultural - Festival de música. La oficina de Bienestar invita al Festival de Música del Pascual Bravo. Bandas estudiantiles, entrada libre.","evento"
"Asunto: Premio mejor estudiante carrera. Ha sido nombrado mejor estudiante de Tecnología en Sistematización de Datos del semestre. La ceremonia de entrega será el 15 de mayo.","logro"
"Asunto: Taller 5 - Algebra Lineal. Buenas tardes, en Microsoft Teams encuentran el taller número 5 correspondiente a la unidad de derivadas. Entrega individual antes del jueves 1 de julio.","tarea"
"Asunto: Felicitaciones por excelencia académica. Estimado estudiante, en nombre del consejo académico le felicitamos por obtener el mejor promedio del semestre en Diseño Industrial. Su esfuerzo es ejemplar.","logro"
"Asunto: Pasantía en el extranjero. La oficina de Internacionalización ofrece pasantías profesionales en empresas de Italia para estudiantes en último semestre.","intercambio"
"Asunto: Pasantía investigación exterior. Convocatoria de pasantías de investigación en Reino Unido para estudiantes de últimos semestres de ingeniería.","intercambio"
"Asunto: Renovación de carné. Se recuerda a los estudiantes que deben renovar su carné estudiantil en la oficina de Bienestar antes del 19 de diciembre.","anuncio"
"Asunto: Actividad pendiente en Canvas. Se le recuerda que tiene actividades pendientes por entregar en Dibujo Técnico. Por favor revisar el cronograma actualizado.","tarea"
"Asunto: Proyecto seleccionado expo. Su proyecto integrador fue seleccionado entre los mejores del semestre y será expuesto en la muestra institucional.","logro"
"Asunto: Movilidad estudiantil internacional. La Institución informa que la convocatoria de movilidad estudiantil hacia México para el semestre 2026-2 ya está abierta.","intercambio"
"Asunto: Atención psicológica gratuita. Bienestar Universitario ofrece atención psicológica gratuita a estudiantes. Solicita tu cita en la oficina.","otro"
"Asunto: Suspensión de clases. La Institución Universitaria Pascual Bravo informa que el día viernes 17 de marzo no habrá actividades académicas debido a día festivo. Las clases se reprogramarán.","anuncio"
"Asunto: Recolección de firmas. Se está recolectando firmas para una propuesta estudiantil sobre alimentación saludable. Apoye en la oficina del consejo estudiantil.","otro"
"Asunto: Modificación calendario académico. El calendario académico fue modificado. Nueva fecha de finalización del semestre: 10 de octubre.","anuncio"
"Asunto: Cambio de modalidad clases. Las clases de Bases de Datos pasan a modalidad virtual a partir del 13 de noviembre hasta nuevo aviso.","anuncio"
"Asunto: Cambio de horario. Comunicado oficial: el horario de Ética Profesional cambia a partir de la próxima semana. Nuevo horario: lunes de 10:00 AM a 2:00 PM.","anuncio"
"Asunto: Entrega proyecto integrador. Recordatorio importante: la primera entrega del proyecto integrador de Diseño Mecánico es este miércoles 5 de abril. Subir avance en el portal estudiantil.","tarea"
"Asunto: Programa Erasmus+ 2027. Convocatoria abierta para movilidad académica en universidades europeas mediante el programa Erasmus+. Cupos limitados.","intercambio"
"Asunto: Pasantía investigación exterior. Convocatoria de pasantías de investigación en Estados Unidos para estudiantes de últimos semestres de ingeniería.","intercambio"
"Asunto: Recolección de firmas. Se está recolectando firmas para una propuesta estudiantil sobre movilidad. Apoye en la oficina del consejo estudiantil.","otro"
"Asunto: Evento cultural - Festival de música. La oficina de Bienestar invita al Festival de Música del Pascual Bravo. Bandas estudiantiles, entrada libre.","evento"
"Asunto: Cambio contraseña institucional. Por seguridad, debe cambiar su contraseña del correo institucional cada 90 días. Plazo: 4 de enero.","otro"
"Asunto: Nota disponible Máquinas Eléctricas. Tu nota del trabajo de Máquinas Eléctricas ya fue cargada. Consulta en Canvas. Si tienes inquietudes, contacta al profesor Oscar Mauricio Ramírez.","nota"
"Asunto: Renovación de carné. Se recuerda a los estudiantes que deben renovar su carné estudiantil en la oficina de Bienestar antes del 27 de enero.","anuncio"
"Asunto: Nuevo menú cafetería. Te invitamos a conocer el nuevo menú de la cafetería universitaria. Opciones saludables y económicas para estudiantes.","otro"
"Asunto: Curso de verano internacional. Cursos de verano en universidades de Francia con créditos homologables. Oportunidad de movilidad corta.","intercambio"
"Asunto: Parcial 2 Procesos de Manufactura. El segundo parcial de Procesos de Manufactura será el lunes 1 de noviembre. Temas: fluidos. Llevar calculadora y documento de identidad.","tarea"
"Asunto: Requisitos de grado actualizados. Los requisitos para optar al título de Ingeniería Mecánica han sido actualizados. Consulta los nuevos lineamientos en la oficina de Registro.","anuncio"
"Asunto: Cambio de horario. Comunicado oficial: el horario de Cálculo II cambia a partir de la próxima semana. Nuevo horario: sábado de 10:00 AM a 4:00 PM.","anuncio"
"Asunto: Reciclaje campus. Únete al programa de reciclaje del Pascual Bravo. Puntos ecológicos disponibles en todos los bloques.","otro"
"Asunto: Notas finales Sistemas de Potencia. Las notas finales de Sistemas de Potencia ya están disponibles en SICAU. Plazo para reclamos: 3 días hábiles después de la publicación.","nota"
"Asunto: Taller 4 - Gestión de Proyectos. Buenas tardes, en SICAU encuentran el taller número 4 correspondiente a la unidad de fluidos. Entrega individual antes del lunes 25 de julio.","tarea"
"Asunto: Invitación: Conferencia de mecatrónica. El Pascual Bravo invita a toda la comunidad estudiantil a la conferencia 'Tendencias tecnológicas 2026' el jueves 10 de diciembre a las 11:00 AM en el auditorio principal.","evento"
"Asunto: Sustentación proyecto Desarrollo Web. La sustentación del proyecto de Desarrollo Web será el 11 de septiembre. Cada grupo tendrá 15 minutos para exponer.","tarea"
"Asunto: Intercambio virtual internacional. Programa de intercambio virtual con universidades de Chile. No requiere viajar, certificación internacional.","intercambio"
"Asunto: Informe de laboratorio Ingeniería de Software. Profesor Sebastián Arango solicita el informe de la práctica 8 antes del 11 de diciembre. Formato APA, máximo 10 páginas.","tarea"
"Asunto: Entrega informe final Estructuras de Datos. Profesor Ricardo Mejía recuerda que el informe final debe entregarse impreso y digital antes del 24 de diciembre.","tarea"
"Asunto: Actualización reglamento estudiantil. La Vicerrectoría Académica comunica modificaciones al reglamento estudiantil. Vigencia desde 18 de agosto.","anuncio"
"Asunto: Doble titulación con universidad de España. Nueva oportunidad: programa de doble titulación con la Universidad de Ciudad de México en España. Reuniones informativas próximamente.","intercambio"
"Asunto: Día de la Innovación. Muestra de proyectos estudiantiles innovadores. 8 de marzo, plazoleta principal del campus.","evento"
"Asunto: Notas sustentación proyecto. Las notas de la sustentación del proyecto integrador fueron publicadas por el profesor Oscar Mauricio Ramírez.","nota"
"Asunto: Actividad pendiente en Canvas. Se le recuerda que tiene actividades pendientes por entregar en Desarrollo Web. Por favor revisar el cronograma actualizado.","tarea"
"Asunto: Inicio de matrículas 2027-1. La oficina de Registro y Control Académico informa que las matrículas para el periodo 2027-1 inician el 14 de enero.","anuncio"
"Asunto: Activación cuenta egresados. Estimado próximo egresado, active su cuenta de egresado para acceder a beneficios exclusivos.","otro"
"Asunto: Artículo aceptado revista. El artículo que envió como autor estudiantil fue aceptado para publicación en la revista institucional.","logro"
"Asunto: Trabajo final Bases de Datos. Estudiantes del grupo G4B, se ha asignado el trabajo final de Bases de Datos. Es en grupos de máximo 3 personas. Plazo de entrega: 13 de junio. Pesos: 30% de la nota definitiva.","tarea"
"Asunto: Entrega informe final Cálculo I. Profesor Claudia Patricia Henao recuerda que el informe final debe entregarse impreso y digital antes del 5 de septiembre.","tarea"
"Asunto: Encuesta evaluación docente. Recordatorio: evalúe a sus docentes en SICAU antes del cierre del semestre. Es requisito para ver sus notas.","otro"
"Asunto: Trabajo final Programación I. Estudiantes del grupo G4C, se ha asignado el trabajo final de Programación I. Es en grupos de máximo 3 personas. Plazo de entrega: 4 de octubre. Pesos: 30% de la nota definitiva.","tarea"
"Asunto: Curso de verano internacional. Cursos de verano en universidades de Chile con créditos homologables. Oportunidad de movilidad corta.","intercambio"
"Asunto: Actualización datos personales. Le solicitamos actualizar sus datos personales en SICAU. Es requisito para continuar el proceso académico del próximo semestre.","otro"
"Asunto: Selección lista de honor. Hemos publicado la lista de honor del semestre y usted aparece en ella. Felicitaciones por su excelencia académica.","logro"
"Asunto: Corrección de nota Circuitos Eléctricos I. Tu nota del parcial 2 de Circuitos Eléctricos I fue corregida tras la reclamación. Nueva calificación disponible en SICAU.","nota"
"Asunto: Aviso seguridad campus. La oficina de Seguridad informa nuevas medidas de control de acceso al campus. Es obligatorio portar el carné estudiantil.","anuncio"
"Asunto: Informe de laboratorio Diseño Industrial I. Profesor Carlos Restrepo solicita el informe de la práctica 5 antes del 27 de septiembre. Formato APA, máximo 10 páginas.","tarea"
"Asunto: Beca de excelencia otorgada. Felicitaciones, ha sido seleccionado como beneficiario de la beca de excelencia académica del Pascual Bravo para el periodo 2026-2.","logro"
"Asunto: Informe de laboratorio Cálculo II. Profesor Catalina Ospina solicita el informe de la práctica 1 antes del 19 de noviembre. Formato APA, máximo 10 páginas.","tarea"
"Asunto: Recordatorio entrega Cálculo I. Recuerda que la entrega del taller 8 de Cálculo I vence este jueves. Sube tu trabajo en SICAU antes de las 11:59 PM. Atentamente, Sebastián Arango.","tarea"
"Asunto: Taller 1 - Física II. Buenas tardes, en Canvas encuentran el taller número 1 correspondiente a la unidad de POO. Entrega individual antes del viernes 21 de junio.","tarea"
"Asunto: Evento de bienvenida primer semestre. La Institución da la bienvenida a los nuevos estudiantes el próximo lunes con actividades de integración.","evento"
"Asunto: Suspensión de clases. La Institución Universitaria Pascual Bravo informa que el día viernes 24 de enero no habrá actividades académicas debido a mantenimiento general. Las clases se reprogramarán.","anuncio"
"Asunto: Beca DAAD disponible. Se encuentra abierta la convocatoria para la beca DAAD dirigida a estudiantes destacados que deseen estudiar en Alemania. Plazo: 25 de agosto.","intercambio"
"Asunto: Lectura obligatoria Ética Profesional. Para la próxima clase de Ética Profesional con el profesor Hernán Darío Pérez, deben haber leído el capítulo 4 sobre matrices. Habrá control de lectura.","tarea"
"Asunto: Programa salud estudiantil. Inscríbete en el programa de salud estudiantil. Chequeos médicos gratuitos en bienestar.","otro"
"Asunto: Cambio de modalidad clases. Las clases de Programación II pasan a modalidad virtual a partir del 22 de noviembre hasta nuevo aviso.","anuncio"
"Asunto: Movilidad estudiantil internacional. La Institución informa que la convocatoria de movilidad estudiantil hacia Francia para el semestre 2027-1 ya está abierta.","intercambio"
"Asunto: Día de la Innovación. Muestra de proyectos estudiantiles innovadores. 23 de junio, plazoleta principal del campus.","evento"
"Asunto: Encuesta clima organizacional. La oficina de Talento Humano realiza encuesta sobre clima organizacional. Tu participación es voluntaria pero valiosa.","otro"
"Asunto: Cuestionario Bases de Datos. Cuestionario disponible en Canvas sobre los temas de modelado entidad-relación. Fecha límite: martes a las 11:59 PM.","tarea"
"Asunto: Premio mejor estudiante carrera. Ha sido nombrado mejor estudiante de Ingeniería Eléctrica del semestre. La ceremonia de entrega será el 13 de febrero.","logro"
"Asunto: Resultado parcial Ética Profesional. Estudiante, el resultado de tu parcial 3 de Ética Profesional ya está cargado. Profesor Mónica Bedoya.","nota"
"Asunto: Encuesta evaluación docente. Recordatorio: evalúe a sus docentes en SICAU antes del cierre del semestre. Es requisito para ver sus notas.","otro"
"Asunto: Feria del libro académico. Se realizará la Feria del Libro Académico con descuentos especiales en libros técnicos y de ingeniería.","evento"
"Asunto: Modificación calendario académico. El calendario académico fue modificado. Nueva fecha de finalización del semestre: 13 de junio.","anuncio"
"Asunto: Cambio plan estudios. Recordatorio: si cambiaste de plan de estudios, valida tus materias en la oficina de Registro y Control.","otro"
"Asunto: Práctica de laboratorio Ética Profesional. Estudiantes, para la próxima sesión de Ética Profesional deben traer el preinforme de la práctica 8 sobre termodinámica. Sin preinforme no se permite el ingreso al laboratorio.","tarea"
"Asunto: Programa salud estudiantil. Inscríbete en el programa de salud estudiantil. Chequeos médicos gratuitos en bienestar.","otro"